[0m15:59:10.953577 [debug] [MainThread]: Sending event: {'category': 'dbt', 'action': 'invocation', 'label': 'start', 'context': [<snowplow_tracker.self_describing_json.SelfDescribingJson object at 0x000001C5C3AB6660>, <snowplow_tracker.self_describing_json.SelfDescribingJson object at 0x000001C5C612FED0>, <snowplow_tracker.self_describing_json.SelfDescribingJson object at 0x000001C5C612FC50>]}


============================== 15:59:10.957729 | dbd90146-7255-439c-aeac-6ba508efcef7 ==============================
[0m15:59:10.957729 [info ] [MainThread]: Running with dbt=1.12.5
[0m15:59:10.958267 [debug] [MainThread]: running dbt with arguments {'maximum_seed_size_mib': '1', 'no_print': 'None', 'static_parser': 'True', 'target_path': 'None', 'version_check': 'True', 'warn_error_options': 'WarnErrorOptionsV2(error=[], warn=[], silence=[])', 'printer_width': '80', 'write_json': 'True', 'empty': 'False', 'log_cache_events': 'False', 'introspect': 'True', 'cache_selected_only': 'False', 'log_format': 'default', 'debug': 'False', 'fail_fast': 'False', 'profiles_dir': 'C:\\Users\\AminE\\Documents\\Fifa Project\\analytics-fc\\dbt_project', 'send_anonymous_usage_stats': 'True', 'quiet': 'False', 'warn_error': 'None', 'partial_parse': 'True', 'invocation_command': 'dbt run', 'hints_enabled': 'True', 'use_colors': 'True', 'use_experimental_parser': 'False', 'indirect_selection': 'eager', 'log_path': 'C:\\Users\\AminE\\Documents\\Fifa Project\\analytics-fc\\dbt_project\\logs'}
[0m15:59:11.271647 [debug] [MainThread]: Sending event: {'category': 'dbt', 'action': 'project_id', 'label': 'dbd90146-7255-439c-aeac-6ba508efcef7', 'context': [<snowplow_tracker.self_describing_json.SelfDescribingJson object at 0x000001C5C3FFA8B0>]}
[0m15:59:11.325112 [debug] [MainThread]: Sending event: {'category': 'dbt', 'action': 'adapter_info', 'label': 'dbd90146-7255-439c-aeac-6ba508efcef7', 'context': [<snowplow_tracker.self_describing_json.SelfDescribingJson object at 0x000001C5C2174160>]}
[0m15:59:11.328241 [info ] [MainThread]: Registered adapter: duckdb=1.11.0
[0m15:59:11.525944 [debug] [MainThread]: checksum: 7119ea9ea0a8c0e9670f38f33f87c32becf9f2d7f739bdc9a20c0de7769a393a, vars: {}, profile: analytics_fc, target: dev, version: 1.12.5
[0m15:59:11.526833 [info ] [MainThread]: Unable to do partial parsing because saved manifest not found. Starting full parse.
[0m15:59:11.527199 [debug] [MainThread]: Sending event: {'category': 'dbt', 'action': 'partial_parser', 'label': 'dbd90146-7255-439c-aeac-6ba508efcef7', 'context': [<snowplow_tracker.self_describing_json.SelfDescribingJson object at 0x000001C5C6201250>]}
[0m15:59:14.829396 [warn ] [MainThread]: [[33mWARNING[0m]: Configuration paths exist in your dbt_project.yml file which do not apply to any resources.
There are 1 unused configuration paths:
- models.analytics_fc.marts
[0m15:59:14.834534 [debug] [MainThread]: Sending event: {'category': 'dbt', 'action': 'load_project', 'label': 'dbd90146-7255-439c-aeac-6ba508efcef7', 'context': [<snowplow_tracker.self_describing_json.SelfDescribingJson object at 0x000001C5C5DEF110>]}
[0m15:59:14.950467 [debug] [MainThread]: Wrote artifact WritableManifest to C:\Users\AminE\Documents\Fifa Project\analytics-fc\dbt_project\target\manifest.json
[0m15:59:14.959935 [debug] [MainThread]: Wrote artifact SemanticManifest to C:\Users\AminE\Documents\Fifa Project\analytics-fc\dbt_project\target\semantic_manifest.json
[0m15:59:15.041825 [debug] [MainThread]: Wrote artifact OsiDocument to C:\Users\AminE\Documents\Fifa Project\analytics-fc\dbt_project\target\osi_document.json
[0m15:59:15.082641 [debug] [MainThread]: Sending event: {'category': 'dbt', 'action': 'resource_counts', 'label': 'dbd90146-7255-439c-aeac-6ba508efcef7', 'context': [<snowplow_tracker.self_describing_json.SelfDescribingJson object at 0x000001C5C6AB44B0>]}
[0m15:59:15.084381 [info ] [MainThread]: Found 1 model, 3 sources, 500 macros
[0m15:59:15.085075 [debug] [MainThread]: Sending event: {'category': 'dbt', 'action': 'runnable_timing', 'label': 'dbd90146-7255-439c-aeac-6ba508efcef7', 'context': [<snowplow_tracker.self_describing_json.SelfDescribingJson object at 0x000001C5C67F1300>]}
[0m15:59:15.090196 [info ] [MainThread]: 
[0m15:59:15.091244 [info ] [MainThread]: Concurrency: 1 threads (target='dev')
[0m15:59:15.091724 [info ] [MainThread]: 
[0m15:59:15.092674 [debug] [MainThread]: Acquiring new duckdb connection 'master'
[0m15:59:15.096629 [debug] [ThreadPool]: Acquiring new duckdb connection 'list_analytics_fc'
[0m15:59:18.936818 [debug] [ThreadPool]: Using duckdb connection "list_analytics_fc"
[0m15:59:18.937858 [debug] [ThreadPool]: On list_analytics_fc: /* {"app": "dbt", "dbt_version": "1.12.5", "profile_name": "analytics_fc", "target_name": "dev", "connection_name": "list_analytics_fc"} */

    
    select schema_name
    from system.information_schema.schemata
    
    where lower(catalog_name) = '"analytics_fc"'
    
  
  
[0m15:59:18.938322 [debug] [ThreadPool]: Opening a new connection, currently in state init
[0m15:59:18.960435 [debug] [ThreadPool]: SQL status: OK in 0.022 seconds
[0m15:59:18.962100 [debug] [ThreadPool]: On list_analytics_fc: Close
[0m15:59:18.963401 [debug] [ThreadPool]: Re-using an available connection from the pool (formerly list_analytics_fc, now create_analytics_fc_main)
[0m15:59:18.963836 [debug] [ThreadPool]: Creating schema "database: "analytics_fc"
schema: "main"
"
[0m15:59:18.970105 [debug] [ThreadPool]: Using duckdb connection "create_analytics_fc_main"
[0m15:59:18.970503 [debug] [ThreadPool]: On create_analytics_fc_main: /* {"app": "dbt", "dbt_version": "1.12.5", "profile_name": "analytics_fc", "target_name": "dev", "connection_name": "create_analytics_fc_main"} */

    
        select type from duckdb_databases()
        where lower(database_name)='analytics_fc'
        and type != 'duckdb'
    
  
[0m15:59:18.970732 [debug] [ThreadPool]: Opening a new connection, currently in state closed
[0m15:59:18.972891 [debug] [ThreadPool]: SQL status: OK in 0.002 seconds
[0m15:59:18.974192 [debug] [ThreadPool]: Using duckdb connection "create_analytics_fc_main"
[0m15:59:18.974475 [debug] [ThreadPool]: On create_analytics_fc_main: BEGIN
[0m15:59:18.974938 [debug] [ThreadPool]: SQL status: OK in 0.000 seconds
[0m15:59:18.975174 [debug] [ThreadPool]: Using duckdb connection "create_analytics_fc_main"
[0m15:59:18.975364 [debug] [ThreadPool]: On create_analytics_fc_main: /* {"app": "dbt", "dbt_version": "1.12.5", "profile_name": "analytics_fc", "target_name": "dev", "connection_name": "create_analytics_fc_main"} */

    
    
        create schema if not exists "analytics_fc"."main"
    
[0m15:59:18.975813 [debug] [ThreadPool]: SQL status: OK in 0.000 seconds
[0m15:59:18.976456 [debug] [ThreadPool]: On create_analytics_fc_main: COMMIT
[0m15:59:18.976687 [debug] [ThreadPool]: Using duckdb connection "create_analytics_fc_main"
[0m15:59:18.976870 [debug] [ThreadPool]: On create_analytics_fc_main: COMMIT
[0m15:59:18.977194 [debug] [ThreadPool]: SQL status: OK in 0.000 seconds
[0m15:59:18.977422 [debug] [ThreadPool]: On create_analytics_fc_main: Close
[0m15:59:18.978949 [debug] [ThreadPool]: Acquiring new duckdb connection 'list_analytics_fc_main'
[0m15:59:18.983135 [debug] [ThreadPool]: Using duckdb connection "list_analytics_fc_main"
[0m15:59:18.983463 [debug] [ThreadPool]: On list_analytics_fc_main: BEGIN
[0m15:59:18.983676 [debug] [ThreadPool]: Opening a new connection, currently in state init
[0m15:59:18.984230 [debug] [ThreadPool]: SQL status: OK in 0.001 seconds
[0m15:59:18.984458 [debug] [ThreadPool]: Using duckdb connection "list_analytics_fc_main"
[0m15:59:18.984644 [debug] [ThreadPool]: On list_analytics_fc_main: /* {"app": "dbt", "dbt_version": "1.12.5", "profile_name": "analytics_fc", "target_name": "dev", "connection_name": "list_analytics_fc_main"} */
select
      'analytics_fc' as database,
      table_name as name,
      table_schema as schema,
      CASE table_type
        WHEN 'BASE TABLE' THEN 'table'
        WHEN 'VIEW' THEN 'view'
        WHEN 'LOCAL TEMPORARY' THEN 'table'
        END as type
    from system.information_schema.tables
    where lower(table_schema) = 'main'
    and lower(table_catalog) = 'analytics_fc'
  
[0m15:59:18.992108 [debug] [ThreadPool]: SQL status: OK in 0.007 seconds
[0m15:59:18.993928 [debug] [ThreadPool]: On list_analytics_fc_main: ROLLBACK
[0m15:59:18.994536 [debug] [ThreadPool]: On list_analytics_fc_main: Close
[0m15:59:18.995328 [debug] [MainThread]: Sending event: {'category': 'dbt', 'action': 'runnable_timing', 'label': 'dbd90146-7255-439c-aeac-6ba508efcef7', 'context': [<snowplow_tracker.self_describing_json.SelfDescribingJson object at 0x000001C5C6A8BF50>]}
[0m15:59:18.995734 [debug] [MainThread]: Using duckdb connection "master"
[0m15:59:18.995954 [debug] [MainThread]: On master: BEGIN
[0m15:59:18.996141 [debug] [MainThread]: Opening a new connection, currently in state init
[0m15:59:18.996574 [debug] [MainThread]: SQL status: OK in 0.000 seconds
[0m15:59:18.996779 [debug] [MainThread]: On master: COMMIT
[0m15:59:18.996957 [debug] [MainThread]: Using duckdb connection "master"
[0m15:59:18.997300 [debug] [MainThread]: On master: COMMIT
[0m15:59:18.997663 [debug] [MainThread]: SQL status: OK in 0.000 seconds
[0m15:59:18.997875 [debug] [MainThread]: On master: Close
[0m15:59:19.003781 [debug] [Thread-1 (]: Began running node model.analytics_fc.stg_fifatable
[0m15:59:19.004468 [info ] [Thread-1 (]: 1 of 1 START sql view model main.stg_fifatable ................................. [RUN]
[0m15:59:19.005005 [debug] [Thread-1 (]: Acquiring new duckdb connection 'model.analytics_fc.stg_fifatable'
[0m15:59:19.005271 [debug] [Thread-1 (]: Began compiling node model.analytics_fc.stg_fifatable
[0m15:59:19.011176 [debug] [Thread-1 (]: Writing injected SQL for node "model.analytics_fc.stg_fifatable"
[0m15:59:19.013006 [debug] [Thread-1 (]: Began executing node model.analytics_fc.stg_fifatable
[0m15:59:19.041366 [debug] [Thread-1 (]: Writing runtime sql for node "model.analytics_fc.stg_fifatable"
[0m15:59:19.044353 [debug] [Thread-1 (]: Using duckdb connection "model.analytics_fc.stg_fifatable"
[0m15:59:19.044748 [debug] [Thread-1 (]: On model.analytics_fc.stg_fifatable: BEGIN
[0m15:59:19.044990 [debug] [Thread-1 (]: Opening a new connection, currently in state init
[0m15:59:19.045938 [debug] [Thread-1 (]: SQL status: OK in 0.001 seconds
[0m15:59:19.046252 [debug] [Thread-1 (]: Using duckdb connection "model.analytics_fc.stg_fifatable"
[0m15:59:19.046490 [debug] [Thread-1 (]: On model.analytics_fc.stg_fifatable: /* {"app": "dbt", "dbt_version": "1.12.5", "profile_name": "analytics_fc", "target_name": "dev", "node_id": "model.analytics_fc.stg_fifatable"} */

  
  create view "analytics_fc"."main"."stg_fifatable__dbt_tmp" as (
    ﻿WITH source AS (
    SELECT * FROM "analytics_fc"."raw"."fifatable"
),

renamed AS (
    SELECT
        player_id,
        Fifa_year AS fifa_edition_year,
        age,
        short_name,
        long_name,
        nationality,
        club,
        position
    FROM source
)

SELECT * FROM renamed
  );

[0m15:59:19.047950 [debug] [Thread-1 (]: SQL status: OK in 0.001 seconds
[0m15:59:19.052869 [debug] [Thread-1 (]: Using duckdb connection "model.analytics_fc.stg_fifatable"
[0m15:59:19.053215 [debug] [Thread-1 (]: On model.analytics_fc.stg_fifatable: /* {"app": "dbt", "dbt_version": "1.12.5", "profile_name": "analytics_fc", "target_name": "dev", "node_id": "model.analytics_fc.stg_fifatable"} */
alter view "analytics_fc"."main"."stg_fifatable__dbt_tmp" rename to "stg_fifatable"
[0m15:59:19.054523 [debug] [Thread-1 (]: SQL status: OK in 0.001 seconds
[0m15:59:19.063880 [debug] [Thread-1 (]: On model.analytics_fc.stg_fifatable: COMMIT
[0m15:59:19.064333 [debug] [Thread-1 (]: Using duckdb connection "model.analytics_fc.stg_fifatable"
[0m15:59:19.064587 [debug] [Thread-1 (]: On model.analytics_fc.stg_fifatable: COMMIT
[0m15:59:19.066843 [debug] [Thread-1 (]: SQL status: OK in 0.002 seconds
[0m15:59:19.071077 [debug] [Thread-1 (]: Using duckdb connection "model.analytics_fc.stg_fifatable"
[0m15:59:19.071474 [debug] [Thread-1 (]: On model.analytics_fc.stg_fifatable: /* {"app": "dbt", "dbt_version": "1.12.5", "profile_name": "analytics_fc", "target_name": "dev", "node_id": "model.analytics_fc.stg_fifatable"} */

      drop view if exists "analytics_fc"."main"."stg_fifatable__dbt_backup" cascade
    
[0m15:59:19.072141 [debug] [Thread-1 (]: SQL status: OK in 0.000 seconds
[0m15:59:19.074030 [debug] [Thread-1 (]: On model.analytics_fc.stg_fifatable: Close
[0m15:59:19.077058 [debug] [Thread-1 (]: Sending event: {'category': 'dbt', 'action': 'run_model', 'label': 'dbd90146-7255-439c-aeac-6ba508efcef7', 'context': [<snowplow_tracker.self_describing_json.SelfDescribingJson object at 0x000001C5C6AA3E30>]}
[0m15:59:19.077743 [info ] [Thread-1 (]: 1 of 1 OK created sql view model main.stg_fifatable ............................ [[32mOK[0m in 0.07s]
[0m15:59:19.078301 [debug] [Thread-1 (]: Finished running node model.analytics_fc.stg_fifatable
[0m15:59:19.079573 [debug] [MainThread]: Using duckdb connection "master"
[0m15:59:19.079864 [debug] [MainThread]: On master: BEGIN
[0m15:59:19.080070 [debug] [MainThread]: Opening a new connection, currently in state closed
[0m15:59:19.080627 [debug] [MainThread]: SQL status: OK in 0.001 seconds
[0m15:59:19.080906 [debug] [MainThread]: On master: COMMIT
[0m15:59:19.081120 [debug] [MainThread]: Using duckdb connection "master"
[0m15:59:19.081293 [debug] [MainThread]: On master: COMMIT
[0m15:59:19.081624 [debug] [MainThread]: SQL status: OK in 0.000 seconds
[0m15:59:19.081830 [debug] [MainThread]: On master: Close
[0m15:59:19.082136 [debug] [MainThread]: Connection 'master' was properly closed.
[0m15:59:19.082329 [debug] [MainThread]: Connection 'create_analytics_fc_main' was properly closed.
[0m15:59:19.082489 [debug] [MainThread]: Connection 'list_analytics_fc_main' was properly closed.
[0m15:59:19.082638 [debug] [MainThread]: Connection 'model.analytics_fc.stg_fifatable' was properly closed.
[0m15:59:19.082879 [info ] [MainThread]: 
[0m15:59:19.083183 [info ] [MainThread]: Finished running 1 view model in 0 hours 0 minutes and 3.99 seconds (3.99s).
[0m15:59:19.084000 [debug] [MainThread]: Command end result
[0m15:59:19.111728 [debug] [MainThread]: Wrote artifact WritableManifest to C:\Users\AminE\Documents\Fifa Project\analytics-fc\dbt_project\target\manifest.json
[0m15:59:19.114890 [debug] [MainThread]: Wrote artifact SemanticManifest to C:\Users\AminE\Documents\Fifa Project\analytics-fc\dbt_project\target\semantic_manifest.json
[0m15:59:19.117708 [debug] [MainThread]: Wrote artifact OsiDocument to C:\Users\AminE\Documents\Fifa Project\analytics-fc\dbt_project\target\osi_document.json
[0m15:59:19.125249 [debug] [MainThread]: Wrote artifact RunExecutionResult to C:\Users\AminE\Documents\Fifa Project\analytics-fc\dbt_project\target\run_results.json
[0m15:59:19.125724 [info ] [MainThread]: 
[0m15:59:19.126100 [info ] [MainThread]: [32mCompleted successfully[0m
[0m15:59:19.126340 [info ] [MainThread]: 
[0m15:59:19.126588 [info ] [MainThread]: Done. PASS=1 WARN=0 ERROR=0 SKIP=0 NO-OP=0 REUSED=0 TOTAL=1
[0m15:59:19.127415 [debug] [MainThread]: Command `dbt run` succeeded at 15:59:19.127284 after 8.31 seconds
[0m15:59:19.127755 [debug] [MainThread]: Sending event: {'category': 'dbt', 'action': 'invocation', 'label': 'end', 'context': [<snowplow_tracker.self_describing_json.SelfDescribingJson object at 0x000001C5C17D9B30>, <snowplow_tracker.self_describing_json.SelfDescribingJson object at 0x000001C5C6AD43B0>, <snowplow_tracker.self_describing_json.SelfDescribingJson object at 0x000001C5C6956DD0>]}
[0m15:59:19.128089 [debug] [MainThread]: Flushing usage events
[0m15:59:19.882008 [debug] [MainThread]: An error was encountered while trying to flush usage events
[0m16:02:20.514193 [debug] [MainThread]: Sending event: {'category': 'dbt', 'action': 'invocation', 'label': 'start', 'context': [<snowplow_tracker.self_describing_json.SelfDescribingJson object at 0x000002CA3C446660>, <snowplow_tracker.self_describing_json.SelfDescribingJson object at 0x000002CA3EABFED0>, <snowplow_tracker.self_describing_json.SelfDescribingJson object at 0x000002CA3EABFC50>]}


============================== 16:02:20.518887 | a5cc43ce-4dc4-4bf8-8446-c616f29bbaab ==============================
[0m16:02:20.518887 [info ] [MainThread]: Running with dbt=1.12.5
[0m16:02:20.519415 [debug] [MainThread]: running dbt with arguments {'maximum_seed_size_mib': '1', 'no_print': 'None', 'version_check': 'True', 'target_path': 'None', 'static_parser': 'True', 'warn_error_options': 'WarnErrorOptionsV2(error=[], warn=[], silence=[])', 'printer_width': '80', 'write_json': 'True', 'introspect': 'True', 'log_cache_events': 'False', 'empty': 'False', 'cache_selected_only': 'False', 'log_format': 'default', 'debug': 'False', 'fail_fast': 'False', 'profiles_dir': 'C:\\Users\\AminE\\Documents\\Fifa Project\\analytics-fc\\dbt_project', 'send_anonymous_usage_stats': 'True', 'quiet': 'False', 'warn_error': 'None', 'partial_parse': 'True', 'use_colors': 'True', 'hints_enabled': 'True', 'invocation_command': 'dbt run', 'use_experimental_parser': 'False', 'indirect_selection': 'eager', 'log_path': 'C:\\Users\\AminE\\Documents\\Fifa Project\\analytics-fc\\dbt_project\\logs'}
[0m16:02:20.708729 [debug] [MainThread]: Sending event: {'category': 'dbt', 'action': 'project_id', 'label': 'a5cc43ce-4dc4-4bf8-8446-c616f29bbaab', 'context': [<snowplow_tracker.self_describing_json.SelfDescribingJson object at 0x000002CA3C98E8B0>]}
[0m16:02:20.762378 [debug] [MainThread]: Sending event: {'category': 'dbt', 'action': 'adapter_info', 'label': 'a5cc43ce-4dc4-4bf8-8446-c616f29bbaab', 'context': [<snowplow_tracker.self_describing_json.SelfDescribingJson object at 0x000002CA3AB14160>]}
[0m16:02:20.765107 [info ] [MainThread]: Registered adapter: duckdb=1.11.0
[0m16:02:20.901712 [debug] [MainThread]: checksum: 7119ea9ea0a8c0e9670f38f33f87c32becf9f2d7f739bdc9a20c0de7769a393a, vars: {}, profile: analytics_fc, target: dev, version: 1.12.5
[0m16:02:21.080755 [debug] [MainThread]: Partial parsing enabled: 0 files deleted, 2 files added, 0 files changed.
[0m16:02:21.081398 [debug] [MainThread]: Partial parsing: added file: analytics_fc://models\staging\stg_tm_stats.sql
[0m16:02:21.081663 [debug] [MainThread]: Partial parsing: added file: analytics_fc://models\staging\stg_tm_trophies.sql
[0m16:02:21.319083 [warn ] [MainThread]: [[33mWARNING[0m]: Configuration paths exist in your dbt_project.yml file which do not apply to any resources.
There are 1 unused configuration paths:
- models.analytics_fc.marts
[0m16:02:21.322424 [debug] [MainThread]: Sending event: {'category': 'dbt', 'action': 'load_project', 'label': 'a5cc43ce-4dc4-4bf8-8446-c616f29bbaab', 'context': [<snowplow_tracker.self_describing_json.SelfDescribingJson object at 0x000002CA3EEC0A50>]}
[0m16:02:21.393223 [debug] [MainThread]: Wrote artifact WritableManifest to C:\Users\AminE\Documents\Fifa Project\analytics-fc\dbt_project\target\manifest.json
[0m16:02:21.396128 [debug] [MainThread]: Wrote artifact SemanticManifest to C:\Users\AminE\Documents\Fifa Project\analytics-fc\dbt_project\target\semantic_manifest.json
[0m16:02:21.418615 [debug] [MainThread]: Wrote artifact OsiDocument to C:\Users\AminE\Documents\Fifa Project\analytics-fc\dbt_project\target\osi_document.json
[0m16:02:21.430295 [debug] [MainThread]: Sending event: {'category': 'dbt', 'action': 'resource_counts', 'label': 'a5cc43ce-4dc4-4bf8-8446-c616f29bbaab', 'context': [<snowplow_tracker.self_describing_json.SelfDescribingJson object at 0x000002CA3F292C60>]}
[0m16:02:21.430787 [info ] [MainThread]: Found 3 models, 3 sources, 500 macros
[0m16:02:21.431098 [debug] [MainThread]: Sending event: {'category': 'dbt', 'action': 'runnable_timing', 'label': 'a5cc43ce-4dc4-4bf8-8446-c616f29bbaab', 'context': [<snowplow_tracker.self_describing_json.SelfDescribingJson object at 0x000002CA3F30E190>]}
[0m16:02:21.432763 [info ] [MainThread]: 
[0m16:02:21.433255 [info ] [MainThread]: Concurrency: 1 threads (target='dev')
[0m16:02:21.433673 [info ] [MainThread]: 
[0m16:02:21.434360 [debug] [MainThread]: Acquiring new duckdb connection 'master'
[0m16:02:21.439479 [debug] [ThreadPool]: Acquiring new duckdb connection 'list_analytics_fc'
[0m16:02:21.482911 [debug] [ThreadPool]: Using duckdb connection "list_analytics_fc"
[0m16:02:21.483319 [debug] [ThreadPool]: On list_analytics_fc: /* {"app": "dbt", "dbt_version": "1.12.5", "profile_name": "analytics_fc", "target_name": "dev", "connection_name": "list_analytics_fc"} */

    
    select schema_name
    from system.information_schema.schemata
    
    where lower(catalog_name) = '"analytics_fc"'
    
  
  
[0m16:02:21.483596 [debug] [ThreadPool]: Opening a new connection, currently in state init
[0m16:02:21.498591 [debug] [ThreadPool]: SQL status: OK in 0.015 seconds
[0m16:02:21.499789 [debug] [ThreadPool]: On list_analytics_fc: Close
[0m16:02:21.500501 [debug] [ThreadPool]: Re-using an available connection from the pool (formerly list_analytics_fc, now create_analytics_fc_main)
[0m16:02:21.500906 [debug] [ThreadPool]: Creating schema "database: "analytics_fc"
schema: "main"
"
[0m16:02:21.506273 [debug] [ThreadPool]: Using duckdb connection "create_analytics_fc_main"
[0m16:02:21.506617 [debug] [ThreadPool]: On create_analytics_fc_main: /* {"app": "dbt", "dbt_version": "1.12.5", "profile_name": "analytics_fc", "target_name": "dev", "connection_name": "create_analytics_fc_main"} */

    
        select type from duckdb_databases()
        where lower(database_name)='analytics_fc'
        and type != 'duckdb'
    
  
[0m16:02:21.506838 [debug] [ThreadPool]: Opening a new connection, currently in state closed
[0m16:02:21.507925 [debug] [ThreadPool]: SQL status: OK in 0.001 seconds
[0m16:02:21.508922 [debug] [ThreadPool]: Using duckdb connection "create_analytics_fc_main"
[0m16:02:21.509162 [debug] [ThreadPool]: On create_analytics_fc_main: BEGIN
[0m16:02:21.509587 [debug] [ThreadPool]: SQL status: OK in 0.000 seconds
[0m16:02:21.509806 [debug] [ThreadPool]: Using duckdb connection "create_analytics_fc_main"
[0m16:02:21.509982 [debug] [ThreadPool]: On create_analytics_fc_main: /* {"app": "dbt", "dbt_version": "1.12.5", "profile_name": "analytics_fc", "target_name": "dev", "connection_name": "create_analytics_fc_main"} */

    
    
        create schema if not exists "analytics_fc"."main"
    
[0m16:02:21.510451 [debug] [ThreadPool]: SQL status: OK in 0.000 seconds
[0m16:02:21.511070 [debug] [ThreadPool]: On create_analytics_fc_main: COMMIT
[0m16:02:21.511290 [debug] [ThreadPool]: Using duckdb connection "create_analytics_fc_main"
[0m16:02:21.511572 [debug] [ThreadPool]: On create_analytics_fc_main: COMMIT
[0m16:02:21.511943 [debug] [ThreadPool]: SQL status: OK in 0.000 seconds
[0m16:02:21.512172 [debug] [ThreadPool]: On create_analytics_fc_main: Close
[0m16:02:21.513497 [debug] [ThreadPool]: Acquiring new duckdb connection 'list_analytics_fc_main'
[0m16:02:21.517081 [debug] [ThreadPool]: Using duckdb connection "list_analytics_fc_main"
[0m16:02:21.517517 [debug] [ThreadPool]: On list_analytics_fc_main: BEGIN
[0m16:02:21.517775 [debug] [ThreadPool]: Opening a new connection, currently in state init
[0m16:02:21.518315 [debug] [ThreadPool]: SQL status: OK in 0.001 seconds
[0m16:02:21.518526 [debug] [ThreadPool]: Using duckdb connection "list_analytics_fc_main"
[0m16:02:21.518768 [debug] [ThreadPool]: On list_analytics_fc_main: /* {"app": "dbt", "dbt_version": "1.12.5", "profile_name": "analytics_fc", "target_name": "dev", "connection_name": "list_analytics_fc_main"} */
select
      'analytics_fc' as database,
      table_name as name,
      table_schema as schema,
      CASE table_type
        WHEN 'BASE TABLE' THEN 'table'
        WHEN 'VIEW' THEN 'view'
        WHEN 'LOCAL TEMPORARY' THEN 'table'
        END as type
    from system.information_schema.tables
    where lower(table_schema) = 'main'
    and lower(table_catalog) = 'analytics_fc'
  
[0m16:02:21.522367 [debug] [ThreadPool]: SQL status: OK in 0.003 seconds
[0m16:02:21.523460 [debug] [ThreadPool]: On list_analytics_fc_main: ROLLBACK
[0m16:02:21.523995 [debug] [ThreadPool]: On list_analytics_fc_main: Close
[0m16:02:21.524849 [debug] [MainThread]: Sending event: {'category': 'dbt', 'action': 'runnable_timing', 'label': 'a5cc43ce-4dc4-4bf8-8446-c616f29bbaab', 'context': [<snowplow_tracker.self_describing_json.SelfDescribingJson object at 0x000002CA3F326820>]}
[0m16:02:21.525213 [debug] [MainThread]: Using duckdb connection "master"
[0m16:02:21.525419 [debug] [MainThread]: On master: BEGIN
[0m16:02:21.525585 [debug] [MainThread]: Opening a new connection, currently in state init
[0m16:02:21.525978 [debug] [MainThread]: SQL status: OK in 0.000 seconds
[0m16:02:21.526170 [debug] [MainThread]: On master: COMMIT
[0m16:02:21.526341 [debug] [MainThread]: Using duckdb connection "master"
[0m16:02:21.526493 [debug] [MainThread]: On master: COMMIT
[0m16:02:21.526825 [debug] [MainThread]: SQL status: OK in 0.000 seconds
[0m16:02:21.527028 [debug] [MainThread]: On master: Close
[0m16:02:21.529980 [debug] [Thread-1 (]: Began running node model.analytics_fc.stg_fifatable
[0m16:02:21.530452 [info ] [Thread-1 (]: 1 of 3 START sql view model main.stg_fifatable ................................. [RUN]
[0m16:02:21.530947 [debug] [Thread-1 (]: Acquiring new duckdb connection 'model.analytics_fc.stg_fifatable'
[0m16:02:21.531215 [debug] [Thread-1 (]: Began compiling node model.analytics_fc.stg_fifatable
[0m16:02:21.535438 [debug] [Thread-1 (]: Writing injected SQL for node "model.analytics_fc.stg_fifatable"
[0m16:02:21.536462 [debug] [Thread-1 (]: Began executing node model.analytics_fc.stg_fifatable
[0m16:02:21.558905 [debug] [Thread-1 (]: Writing runtime sql for node "model.analytics_fc.stg_fifatable"
[0m16:02:21.559943 [debug] [Thread-1 (]: Using duckdb connection "model.analytics_fc.stg_fifatable"
[0m16:02:21.560265 [debug] [Thread-1 (]: On model.analytics_fc.stg_fifatable: BEGIN
[0m16:02:21.560487 [debug] [Thread-1 (]: Opening a new connection, currently in state init
[0m16:02:21.561229 [debug] [Thread-1 (]: SQL status: OK in 0.001 seconds
[0m16:02:21.561498 [debug] [Thread-1 (]: Using duckdb connection "model.analytics_fc.stg_fifatable"
[0m16:02:21.561734 [debug] [Thread-1 (]: On model.analytics_fc.stg_fifatable: /* {"app": "dbt", "dbt_version": "1.12.5", "profile_name": "analytics_fc", "target_name": "dev", "node_id": "model.analytics_fc.stg_fifatable"} */

  
  create view "analytics_fc"."main"."stg_fifatable__dbt_tmp" as (
    ﻿WITH source AS (
    SELECT * FROM "analytics_fc"."raw"."fifatable"
),

renamed AS (
    SELECT
        player_id,
        Fifa_year AS fifa_edition_year,
        age,
        short_name,
        long_name,
        nationality,
        club,
        position
    FROM source
)

SELECT * FROM renamed
  );

[0m16:02:21.562605 [debug] [Thread-1 (]: SQL status: OK in 0.001 seconds
[0m16:02:21.566881 [debug] [Thread-1 (]: Using duckdb connection "model.analytics_fc.stg_fifatable"
[0m16:02:21.567226 [debug] [Thread-1 (]: On model.analytics_fc.stg_fifatable: /* {"app": "dbt", "dbt_version": "1.12.5", "profile_name": "analytics_fc", "target_name": "dev", "node_id": "model.analytics_fc.stg_fifatable"} */
alter view "analytics_fc"."main"."stg_fifatable" rename to "stg_fifatable__dbt_backup"
[0m16:02:21.568107 [debug] [Thread-1 (]: SQL status: OK in 0.001 seconds
[0m16:02:21.569823 [debug] [Thread-1 (]: Using duckdb connection "model.analytics_fc.stg_fifatable"
[0m16:02:21.570084 [debug] [Thread-1 (]: On model.analytics_fc.stg_fifatable: /* {"app": "dbt", "dbt_version": "1.12.5", "profile_name": "analytics_fc", "target_name": "dev", "node_id": "model.analytics_fc.stg_fifatable"} */
alter view "analytics_fc"."main"."stg_fifatable__dbt_tmp" rename to "stg_fifatable"
[0m16:02:21.570553 [debug] [Thread-1 (]: SQL status: OK in 0.000 seconds
[0m16:02:21.580765 [debug] [Thread-1 (]: On model.analytics_fc.stg_fifatable: COMMIT
[0m16:02:21.581215 [debug] [Thread-1 (]: Using duckdb connection "model.analytics_fc.stg_fifatable"
[0m16:02:21.581487 [debug] [Thread-1 (]: On model.analytics_fc.stg_fifatable: COMMIT
[0m16:02:21.590768 [debug] [Thread-1 (]: SQL status: OK in 0.009 seconds
[0m16:02:21.594570 [debug] [Thread-1 (]: Using duckdb connection "model.analytics_fc.stg_fifatable"
[0m16:02:21.594864 [debug] [Thread-1 (]: On model.analytics_fc.stg_fifatable: /* {"app": "dbt", "dbt_version": "1.12.5", "profile_name": "analytics_fc", "target_name": "dev", "node_id": "model.analytics_fc.stg_fifatable"} */

      drop view if exists "analytics_fc"."main"."stg_fifatable__dbt_backup" cascade
    
[0m16:02:21.596023 [debug] [Thread-1 (]: SQL status: OK in 0.001 seconds
[0m16:02:21.597841 [debug] [Thread-1 (]: On model.analytics_fc.stg_fifatable: Close
[0m16:02:21.599585 [debug] [Thread-1 (]: Sending event: {'category': 'dbt', 'action': 'run_model', 'label': 'a5cc43ce-4dc4-4bf8-8446-c616f29bbaab', 'context': [<snowplow_tracker.self_describing_json.SelfDescribingJson object at 0x000002CA3F6C8E90>]}
[0m16:02:21.600128 [info ] [Thread-1 (]: 1 of 3 OK created sql view model main.stg_fifatable ............................ [[32mOK[0m in 0.07s]
[0m16:02:21.600584 [debug] [Thread-1 (]: Finished running node model.analytics_fc.stg_fifatable
[0m16:02:21.600859 [debug] [Thread-1 (]: Began running node model.analytics_fc.stg_tm_stats
[0m16:02:21.601197 [info ] [Thread-1 (]: 2 of 3 START sql view model main.stg_tm_stats .................................. [RUN]
[0m16:02:21.601777 [debug] [Thread-1 (]: Re-using an available connection from the pool (formerly model.analytics_fc.stg_fifatable, now model.analytics_fc.stg_tm_stats)
[0m16:02:21.602142 [debug] [Thread-1 (]: Began compiling node model.analytics_fc.stg_tm_stats
[0m16:02:21.603669 [debug] [Thread-1 (]: Writing injected SQL for node "model.analytics_fc.stg_tm_stats"
[0m16:02:21.604434 [debug] [Thread-1 (]: Began executing node model.analytics_fc.stg_tm_stats
[0m16:02:21.607234 [debug] [Thread-1 (]: Writing runtime sql for node "model.analytics_fc.stg_tm_stats"
[0m16:02:21.608745 [debug] [Thread-1 (]: Using duckdb connection "model.analytics_fc.stg_tm_stats"
[0m16:02:21.609088 [debug] [Thread-1 (]: On model.analytics_fc.stg_tm_stats: BEGIN
[0m16:02:21.609341 [debug] [Thread-1 (]: Opening a new connection, currently in state closed
[0m16:02:21.609931 [debug] [Thread-1 (]: SQL status: OK in 0.001 seconds
[0m16:02:21.610163 [debug] [Thread-1 (]: Using duckdb connection "model.analytics_fc.stg_tm_stats"
[0m16:02:21.610392 [debug] [Thread-1 (]: On model.analytics_fc.stg_tm_stats: /* {"app": "dbt", "dbt_version": "1.12.5", "profile_name": "analytics_fc", "target_name": "dev", "node_id": "model.analytics_fc.stg_tm_stats"} */

  
  create view "analytics_fc"."main"."stg_tm_stats__dbt_tmp" as (
    ﻿WITH source AS (
    SELECT * FROM "analytics_fc"."raw"."tm_stats"
),

renamed AS (
    SELECT
        FifaIndex AS fifa_index,
        short_name,
        competition,
        club,
        games_played,
        goals,
        assists,
        minutes
    FROM source
)

SELECT * FROM renamed
  );

[0m16:02:21.611156 [debug] [Thread-1 (]: SQL status: OK in 0.001 seconds
[0m16:02:21.612860 [debug] [Thread-1 (]: Using duckdb connection "model.analytics_fc.stg_tm_stats"
[0m16:02:21.613107 [debug] [Thread-1 (]: On model.analytics_fc.stg_tm_stats: /* {"app": "dbt", "dbt_version": "1.12.5", "profile_name": "analytics_fc", "target_name": "dev", "node_id": "model.analytics_fc.stg_tm_stats"} */
alter view "analytics_fc"."main"."stg_tm_stats__dbt_tmp" rename to "stg_tm_stats"
[0m16:02:21.613628 [debug] [Thread-1 (]: SQL status: OK in 0.000 seconds
[0m16:02:21.614767 [debug] [Thread-1 (]: On model.analytics_fc.stg_tm_stats: COMMIT
[0m16:02:21.615038 [debug] [Thread-1 (]: Using duckdb connection "model.analytics_fc.stg_tm_stats"
[0m16:02:21.615246 [debug] [Thread-1 (]: On model.analytics_fc.stg_tm_stats: COMMIT
[0m16:02:21.616371 [debug] [Thread-1 (]: SQL status: OK in 0.001 seconds
[0m16:02:21.617608 [debug] [Thread-1 (]: Using duckdb connection "model.analytics_fc.stg_tm_stats"
[0m16:02:21.617886 [debug] [Thread-1 (]: On model.analytics_fc.stg_tm_stats: /* {"app": "dbt", "dbt_version": "1.12.5", "profile_name": "analytics_fc", "target_name": "dev", "node_id": "model.analytics_fc.stg_tm_stats"} */

      drop view if exists "analytics_fc"."main"."stg_tm_stats__dbt_backup" cascade
    
[0m16:02:21.618404 [debug] [Thread-1 (]: SQL status: OK in 0.000 seconds
[0m16:02:21.619853 [debug] [Thread-1 (]: On model.analytics_fc.stg_tm_stats: Close
[0m16:02:21.621041 [debug] [Thread-1 (]: Sending event: {'category': 'dbt', 'action': 'run_model', 'label': 'a5cc43ce-4dc4-4bf8-8446-c616f29bbaab', 'context': [<snowplow_tracker.self_describing_json.SelfDescribingJson object at 0x000002CA3F35E570>]}
[0m16:02:21.622124 [info ] [Thread-1 (]: 2 of 3 OK created sql view model main.stg_tm_stats ............................. [[32mOK[0m in 0.02s]
[0m16:02:21.623186 [debug] [Thread-1 (]: Finished running node model.analytics_fc.stg_tm_stats
[0m16:02:21.623898 [debug] [Thread-1 (]: Began running node model.analytics_fc.stg_tm_trophies
[0m16:02:21.624618 [info ] [Thread-1 (]: 3 of 3 START sql view model main.stg_tm_trophies ............................... [RUN]
[0m16:02:21.625517 [debug] [Thread-1 (]: Re-using an available connection from the pool (formerly model.analytics_fc.stg_tm_stats, now model.analytics_fc.stg_tm_trophies)
[0m16:02:21.625824 [debug] [Thread-1 (]: Began compiling node model.analytics_fc.stg_tm_trophies
[0m16:02:21.627970 [debug] [Thread-1 (]: Writing injected SQL for node "model.analytics_fc.stg_tm_trophies"
[0m16:02:21.629326 [debug] [Thread-1 (]: Began executing node model.analytics_fc.stg_tm_trophies
[0m16:02:21.631428 [debug] [Thread-1 (]: Writing runtime sql for node "model.analytics_fc.stg_tm_trophies"
[0m16:02:21.632430 [debug] [Thread-1 (]: Using duckdb connection "model.analytics_fc.stg_tm_trophies"
[0m16:02:21.632749 [debug] [Thread-1 (]: On model.analytics_fc.stg_tm_trophies: BEGIN
[0m16:02:21.632963 [debug] [Thread-1 (]: Opening a new connection, currently in state closed
[0m16:02:21.633520 [debug] [Thread-1 (]: SQL status: OK in 0.001 seconds
[0m16:02:21.633774 [debug] [Thread-1 (]: Using duckdb connection "model.analytics_fc.stg_tm_trophies"
[0m16:02:21.633997 [debug] [Thread-1 (]: On model.analytics_fc.stg_tm_trophies: /* {"app": "dbt", "dbt_version": "1.12.5", "profile_name": "analytics_fc", "target_name": "dev", "node_id": "model.analytics_fc.stg_tm_trophies"} */

  
  create view "analytics_fc"."main"."stg_tm_trophies__dbt_tmp" as (
    ﻿WITH source AS (
    SELECT * FROM "analytics_fc"."raw"."tm_trophies"
),

renamed AS (
    SELECT
        short_name,
        club,
        team_trophy,
        individual_trophy,
        trophy,
        year AS trophy_year
    FROM source
)

SELECT * FROM renamed
  );

[0m16:02:21.634783 [debug] [Thread-1 (]: SQL status: OK in 0.001 seconds
[0m16:02:21.636789 [debug] [Thread-1 (]: Using duckdb connection "model.analytics_fc.stg_tm_trophies"
[0m16:02:21.637090 [debug] [Thread-1 (]: On model.analytics_fc.stg_tm_trophies: /* {"app": "dbt", "dbt_version": "1.12.5", "profile_name": "analytics_fc", "target_name": "dev", "node_id": "model.analytics_fc.stg_tm_trophies"} */
alter view "analytics_fc"."main"."stg_tm_trophies__dbt_tmp" rename to "stg_tm_trophies"
[0m16:02:21.637764 [debug] [Thread-1 (]: SQL status: OK in 0.000 seconds
[0m16:02:21.639385 [debug] [Thread-1 (]: On model.analytics_fc.stg_tm_trophies: COMMIT
[0m16:02:21.639663 [debug] [Thread-1 (]: Using duckdb connection "model.analytics_fc.stg_tm_trophies"
[0m16:02:21.639898 [debug] [Thread-1 (]: On model.analytics_fc.stg_tm_trophies: COMMIT
[0m16:02:21.640989 [debug] [Thread-1 (]: SQL status: OK in 0.001 seconds
[0m16:02:21.642354 [debug] [Thread-1 (]: Using duckdb connection "model.analytics_fc.stg_tm_trophies"
[0m16:02:21.642638 [debug] [Thread-1 (]: On model.analytics_fc.stg_tm_trophies: /* {"app": "dbt", "dbt_version": "1.12.5", "profile_name": "analytics_fc", "target_name": "dev", "node_id": "model.analytics_fc.stg_tm_trophies"} */

      drop view if exists "analytics_fc"."main"."stg_tm_trophies__dbt_backup" cascade
    
[0m16:02:21.643199 [debug] [Thread-1 (]: SQL status: OK in 0.000 seconds
[0m16:02:21.644281 [debug] [Thread-1 (]: On model.analytics_fc.stg_tm_trophies: Close
[0m16:02:21.644796 [debug] [Thread-1 (]: Sending event: {'category': 'dbt', 'action': 'run_model', 'label': 'a5cc43ce-4dc4-4bf8-8446-c616f29bbaab', 'context': [<snowplow_tracker.self_describing_json.SelfDescribingJson object at 0x000002CA3F6F59F0>]}
[0m16:02:21.645300 [info ] [Thread-1 (]: 3 of 3 OK created sql view model main.stg_tm_trophies .......................... [[32mOK[0m in 0.02s]
[0m16:02:21.645782 [debug] [Thread-1 (]: Finished running node model.analytics_fc.stg_tm_trophies
[0m16:02:21.646968 [debug] [MainThread]: Using duckdb connection "master"
[0m16:02:21.647243 [debug] [MainThread]: On master: BEGIN
[0m16:02:21.647438 [debug] [MainThread]: Opening a new connection, currently in state closed
[0m16:02:21.648013 [debug] [MainThread]: SQL status: OK in 0.001 seconds
[0m16:02:21.648303 [debug] [MainThread]: On master: COMMIT
[0m16:02:21.648537 [debug] [MainThread]: Using duckdb connection "master"
[0m16:02:21.648724 [debug] [MainThread]: On master: COMMIT
[0m16:02:21.649185 [debug] [MainThread]: SQL status: OK in 0.000 seconds
[0m16:02:21.649416 [debug] [MainThread]: On master: Close
[0m16:02:21.649763 [debug] [MainThread]: Connection 'master' was properly closed.
[0m16:02:21.649968 [debug] [MainThread]: Connection 'create_analytics_fc_main' was properly closed.
[0m16:02:21.650132 [debug] [MainThread]: Connection 'list_analytics_fc_main' was properly closed.
[0m16:02:21.650281 [debug] [MainThread]: Connection 'model.analytics_fc.stg_tm_trophies' was properly closed.
[0m16:02:21.650758 [info ] [MainThread]: 
[0m16:02:21.651128 [info ] [MainThread]: Finished running 3 view models in 0 hours 0 minutes and 0.22 seconds (0.22s).
[0m16:02:21.652509 [debug] [MainThread]: Command end result
[0m16:02:21.688316 [debug] [MainThread]: Wrote artifact WritableManifest to C:\Users\AminE\Documents\Fifa Project\analytics-fc\dbt_project\target\manifest.json
[0m16:02:21.693443 [debug] [MainThread]: Wrote artifact SemanticManifest to C:\Users\AminE\Documents\Fifa Project\analytics-fc\dbt_project\target\semantic_manifest.json
[0m16:02:21.698581 [debug] [MainThread]: Wrote artifact OsiDocument to C:\Users\AminE\Documents\Fifa Project\analytics-fc\dbt_project\target\osi_document.json
[0m16:02:21.706026 [debug] [MainThread]: Wrote artifact RunExecutionResult to C:\Users\AminE\Documents\Fifa Project\analytics-fc\dbt_project\target\run_results.json
[0m16:02:21.706407 [info ] [MainThread]: 
[0m16:02:21.706752 [info ] [MainThread]: [32mCompleted successfully[0m
[0m16:02:21.706990 [info ] [MainThread]: 
[0m16:02:21.707220 [info ] [MainThread]: Done. PASS=3 WARN=0 ERROR=0 SKIP=0 NO-OP=0 REUSED=0 TOTAL=3
[0m16:02:21.708071 [debug] [MainThread]: Command `dbt run` succeeded at 16:02:21.707928 after 1.33 seconds
[0m16:02:21.708412 [debug] [MainThread]: Sending event: {'category': 'dbt', 'action': 'invocation', 'label': 'end', 'context': [<snowplow_tracker.self_describing_json.SelfDescribingJson object at 0x000002CA3F0970D0>, <snowplow_tracker.self_describing_json.SelfDescribingJson object at 0x000002CA3F0B28D0>, <snowplow_tracker.self_describing_json.SelfDescribingJson object at 0x000002CA3EAE3A80>]}
[0m16:02:21.708715 [debug] [MainThread]: Flushing usage events
[0m16:02:22.401256 [debug] [MainThread]: An error was encountered while trying to flush usage events
[0m16:02:44.720658 [debug] [MainThread]: Sending event: {'category': 'dbt', 'action': 'invocation', 'label': 'start', 'context': [<snowplow_tracker.self_describing_json.SelfDescribingJson object at 0x0000023C5C3D6660>, <snowplow_tracker.self_describing_json.SelfDescribingJson object at 0x0000023C5EA4FED0>, <snowplow_tracker.self_describing_json.SelfDescribingJson object at 0x0000023C5EA4FC50>]}


============================== 16:02:44.725230 | 38d0b1b5-bd33-4a84-9cc9-9f90f38ace72 ==============================
[0m16:02:44.725230 [info ] [MainThread]: Running with dbt=1.12.5
[0m16:02:44.725730 [debug] [MainThread]: running dbt with arguments {'static_parser': 'True', 'no_print': 'None', 'maximum_seed_size_mib': '1', 'warn_error_options': 'WarnErrorOptionsV2(error=[], warn=[], silence=[])', 'version_check': 'True', 'target_path': 'None', 'printer_width': '80', 'write_json': 'True', 'empty': 'False', 'log_cache_events': 'False', 'introspect': 'True', 'cache_selected_only': 'False', 'log_format': 'default', 'debug': 'False', 'fail_fast': 'False', 'profiles_dir': 'C:\\Users\\AminE\\Documents\\Fifa Project\\analytics-fc\\dbt_project', 'send_anonymous_usage_stats': 'True', 'quiet': 'False', 'warn_error': 'None', 'partial_parse': 'True', 'invocation_command': 'dbt run', 'hints_enabled': 'True', 'indirect_selection': 'eager', 'use_experimental_parser': 'False', 'use_colors': 'True', 'log_path': 'C:\\Users\\AminE\\Documents\\Fifa Project\\analytics-fc\\dbt_project\\logs'}
[0m16:02:44.922782 [debug] [MainThread]: Sending event: {'category': 'dbt', 'action': 'project_id', 'label': '38d0b1b5-bd33-4a84-9cc9-9f90f38ace72', 'context': [<snowplow_tracker.self_describing_json.SelfDescribingJson object at 0x0000023C5C91A8B0>]}
[0m16:02:44.979235 [debug] [MainThread]: Sending event: {'category': 'dbt', 'action': 'adapter_info', 'label': '38d0b1b5-bd33-4a84-9cc9-9f90f38ace72', 'context': [<snowplow_tracker.self_describing_json.SelfDescribingJson object at 0x0000023C5AA9C160>]}
[0m16:02:44.983029 [info ] [MainThread]: Registered adapter: duckdb=1.11.0
[0m16:02:45.144639 [debug] [MainThread]: checksum: 7119ea9ea0a8c0e9670f38f33f87c32becf9f2d7f739bdc9a20c0de7769a393a, vars: {}, profile: analytics_fc, target: dev, version: 1.12.5
[0m16:02:45.386309 [debug] [MainThread]: Partial parsing enabled: 0 files deleted, 0 files added, 1 files changed.
[0m16:02:45.386976 [debug] [MainThread]: Partial parsing: updated file: analytics_fc://models\staging\stg_fifatable.sql
[0m16:02:45.636428 [warn ] [MainThread]: [[33mWARNING[0m]: Configuration paths exist in your dbt_project.yml file which do not apply to any resources.
There are 1 unused configuration paths:
- models.analytics_fc.marts
[0m16:02:45.640178 [debug] [MainThread]: Sending event: {'category': 'dbt', 'action': 'load_project', 'label': '38d0b1b5-bd33-4a84-9cc9-9f90f38ace72', 'context': [<snowplow_tracker.self_describing_json.SelfDescribingJson object at 0x0000023C5EE44750>]}
[0m16:02:45.715436 [debug] [MainThread]: Wrote artifact WritableManifest to C:\Users\AminE\Documents\Fifa Project\analytics-fc\dbt_project\target\manifest.json
[0m16:02:45.718737 [debug] [MainThread]: Wrote artifact SemanticManifest to C:\Users\AminE\Documents\Fifa Project\analytics-fc\dbt_project\target\semantic_manifest.json
[0m16:02:45.744969 [debug] [MainThread]: Wrote artifact OsiDocument to C:\Users\AminE\Documents\Fifa Project\analytics-fc\dbt_project\target\osi_document.json
[0m16:02:45.764151 [debug] [MainThread]: Sending event: {'category': 'dbt', 'action': 'resource_counts', 'label': '38d0b1b5-bd33-4a84-9cc9-9f90f38ace72', 'context': [<snowplow_tracker.self_describing_json.SelfDescribingJson object at 0x0000023C5F24AB70>]}
[0m16:02:45.764736 [info ] [MainThread]: Found 3 models, 3 sources, 500 macros
[0m16:02:45.765084 [debug] [MainThread]: Sending event: {'category': 'dbt', 'action': 'runnable_timing', 'label': '38d0b1b5-bd33-4a84-9cc9-9f90f38ace72', 'context': [<snowplow_tracker.self_describing_json.SelfDescribingJson object at 0x0000023C5F292430>]}
[0m16:02:45.767395 [info ] [MainThread]: 
[0m16:02:45.767932 [info ] [MainThread]: Concurrency: 1 threads (target='dev')
[0m16:02:45.768231 [info ] [MainThread]: 
[0m16:02:45.768698 [debug] [MainThread]: Acquiring new duckdb connection 'master'
[0m16:02:45.773302 [debug] [ThreadPool]: Acquiring new duckdb connection 'list_analytics_fc'
[0m16:02:45.821773 [debug] [ThreadPool]: Using duckdb connection "list_analytics_fc"
[0m16:02:45.822178 [debug] [ThreadPool]: On list_analytics_fc: /* {"app": "dbt", "dbt_version": "1.12.5", "profile_name": "analytics_fc", "target_name": "dev", "connection_name": "list_analytics_fc"} */

    
    select schema_name
    from system.information_schema.schemata
    
    where lower(catalog_name) = '"analytics_fc"'
    
  
  
[0m16:02:45.822419 [debug] [ThreadPool]: Opening a new connection, currently in state init
[0m16:02:45.837229 [debug] [ThreadPool]: SQL status: OK in 0.015 seconds
[0m16:02:45.838443 [debug] [ThreadPool]: On list_analytics_fc: Close
[0m16:02:45.839489 [debug] [ThreadPool]: Re-using an available connection from the pool (formerly list_analytics_fc, now create_analytics_fc_main)
[0m16:02:45.840251 [debug] [ThreadPool]: Creating schema "database: "analytics_fc"
schema: "main"
"
[0m16:02:45.845986 [debug] [ThreadPool]: Using duckdb connection "create_analytics_fc_main"
[0m16:02:45.846425 [debug] [ThreadPool]: On create_analytics_fc_main: /* {"app": "dbt", "dbt_version": "1.12.5", "profile_name": "analytics_fc", "target_name": "dev", "connection_name": "create_analytics_fc_main"} */

    
        select type from duckdb_databases()
        where lower(database_name)='analytics_fc'
        and type != 'duckdb'
    
  
[0m16:02:45.847166 [debug] [ThreadPool]: Opening a new connection, currently in state closed
[0m16:02:45.848571 [debug] [ThreadPool]: SQL status: OK in 0.001 seconds
[0m16:02:45.850340 [debug] [ThreadPool]: Using duckdb connection "create_analytics_fc_main"
[0m16:02:45.850808 [debug] [ThreadPool]: On create_analytics_fc_main: BEGIN
[0m16:02:45.851252 [debug] [ThreadPool]: SQL status: OK in 0.000 seconds
[0m16:02:45.851456 [debug] [ThreadPool]: Using duckdb connection "create_analytics_fc_main"
[0m16:02:45.851635 [debug] [ThreadPool]: On create_analytics_fc_main: /* {"app": "dbt", "dbt_version": "1.12.5", "profile_name": "analytics_fc", "target_name": "dev", "connection_name": "create_analytics_fc_main"} */

    
    
        create schema if not exists "analytics_fc"."main"
    
[0m16:02:45.852053 [debug] [ThreadPool]: SQL status: OK in 0.000 seconds
[0m16:02:45.852685 [debug] [ThreadPool]: On create_analytics_fc_main: COMMIT
[0m16:02:45.852921 [debug] [ThreadPool]: Using duckdb connection "create_analytics_fc_main"
[0m16:02:45.853399 [debug] [ThreadPool]: On create_analytics_fc_main: COMMIT
[0m16:02:45.853912 [debug] [ThreadPool]: SQL status: OK in 0.000 seconds
[0m16:02:45.854165 [debug] [ThreadPool]: On create_analytics_fc_main: Close
[0m16:02:45.855890 [debug] [ThreadPool]: Acquiring new duckdb connection 'list_analytics_fc_main'
[0m16:02:45.860586 [debug] [ThreadPool]: Using duckdb connection "list_analytics_fc_main"
[0m16:02:45.861216 [debug] [ThreadPool]: On list_analytics_fc_main: BEGIN
[0m16:02:45.861744 [debug] [ThreadPool]: Opening a new connection, currently in state init
[0m16:02:45.862912 [debug] [ThreadPool]: SQL status: OK in 0.001 seconds
[0m16:02:45.863284 [debug] [ThreadPool]: Using duckdb connection "list_analytics_fc_main"
[0m16:02:45.863664 [debug] [ThreadPool]: On list_analytics_fc_main: /* {"app": "dbt", "dbt_version": "1.12.5", "profile_name": "analytics_fc", "target_name": "dev", "connection_name": "list_analytics_fc_main"} */
select
      'analytics_fc' as database,
      table_name as name,
      table_schema as schema,
      CASE table_type
        WHEN 'BASE TABLE' THEN 'table'
        WHEN 'VIEW' THEN 'view'
        WHEN 'LOCAL TEMPORARY' THEN 'table'
        END as type
    from system.information_schema.tables
    where lower(table_schema) = 'main'
    and lower(table_catalog) = 'analytics_fc'
  
[0m16:02:45.869021 [debug] [ThreadPool]: SQL status: OK in 0.005 seconds
[0m16:02:45.870867 [debug] [ThreadPool]: On list_analytics_fc_main: ROLLBACK
[0m16:02:45.871650 [debug] [ThreadPool]: On list_analytics_fc_main: Close
[0m16:02:45.873396 [debug] [MainThread]: Sending event: {'category': 'dbt', 'action': 'runnable_timing', 'label': '38d0b1b5-bd33-4a84-9cc9-9f90f38ace72', 'context': [<snowplow_tracker.self_describing_json.SelfDescribingJson object at 0x0000023C5F4ABEE0>]}
[0m16:02:45.874217 [debug] [MainThread]: Using duckdb connection "master"
[0m16:02:45.874743 [debug] [MainThread]: On master: BEGIN
[0m16:02:45.875195 [debug] [MainThread]: Opening a new connection, currently in state init
[0m16:02:45.876044 [debug] [MainThread]: SQL status: OK in 0.001 seconds
[0m16:02:45.876453 [debug] [MainThread]: On master: COMMIT
[0m16:02:45.876787 [debug] [MainThread]: Using duckdb connection "master"
[0m16:02:45.877114 [debug] [MainThread]: On master: COMMIT
[0m16:02:45.877849 [debug] [MainThread]: SQL status: OK in 0.000 seconds
[0m16:02:45.878319 [debug] [MainThread]: On master: Close
[0m16:02:45.883282 [debug] [Thread-1 (]: Began running node model.analytics_fc.stg_fifatable
[0m16:02:45.883843 [info ] [Thread-1 (]: 1 of 3 START sql view model main.stg_fifatable ................................. [RUN]
[0m16:02:45.884348 [debug] [Thread-1 (]: Acquiring new duckdb connection 'model.analytics_fc.stg_fifatable'
[0m16:02:45.884661 [debug] [Thread-1 (]: Began compiling node model.analytics_fc.stg_fifatable
[0m16:02:45.890367 [debug] [Thread-1 (]: Writing injected SQL for node "model.analytics_fc.stg_fifatable"
[0m16:02:45.891801 [debug] [Thread-1 (]: Began executing node model.analytics_fc.stg_fifatable
[0m16:02:45.932391 [debug] [Thread-1 (]: Writing runtime sql for node "model.analytics_fc.stg_fifatable"
[0m16:02:45.933874 [debug] [Thread-1 (]: Using duckdb connection "model.analytics_fc.stg_fifatable"
[0m16:02:45.934378 [debug] [Thread-1 (]: On model.analytics_fc.stg_fifatable: BEGIN
[0m16:02:45.934825 [debug] [Thread-1 (]: Opening a new connection, currently in state init
[0m16:02:45.936030 [debug] [Thread-1 (]: SQL status: OK in 0.001 seconds
[0m16:02:45.936507 [debug] [Thread-1 (]: Using duckdb connection "model.analytics_fc.stg_fifatable"
[0m16:02:45.937025 [debug] [Thread-1 (]: On model.analytics_fc.stg_fifatable: /* {"app": "dbt", "dbt_version": "1.12.5", "profile_name": "analytics_fc", "target_name": "dev", "node_id": "model.analytics_fc.stg_fifatable"} */

  
  create view "analytics_fc"."main"."stg_fifatable__dbt_tmp" as (
    ﻿WITH source AS (
    SELECT * FROM "analytics_fc"."raw"."fifatable"
),

renamed AS (
    SELECT
        player_id,
        Fifa_year AS fifa_edition_year,
        age,
        short_name,
        long_name,
        nationality,
        club,
        position,
        overall,
        max_potential
    FROM source
)

SELECT * FROM renamed
  );

[0m16:02:45.938604 [debug] [Thread-1 (]: SQL status: OK in 0.001 seconds
[0m16:02:45.944937 [debug] [Thread-1 (]: Using duckdb connection "model.analytics_fc.stg_fifatable"
[0m16:02:45.945431 [debug] [Thread-1 (]: On model.analytics_fc.stg_fifatable: /* {"app": "dbt", "dbt_version": "1.12.5", "profile_name": "analytics_fc", "target_name": "dev", "node_id": "model.analytics_fc.stg_fifatable"} */
alter view "analytics_fc"."main"."stg_fifatable" rename to "stg_fifatable__dbt_backup"
[0m16:02:45.946377 [debug] [Thread-1 (]: SQL status: OK in 0.001 seconds
[0m16:02:45.948758 [debug] [Thread-1 (]: Using duckdb connection "model.analytics_fc.stg_fifatable"
[0m16:02:45.949179 [debug] [Thread-1 (]: On model.analytics_fc.stg_fifatable: /* {"app": "dbt", "dbt_version": "1.12.5", "profile_name": "analytics_fc", "target_name": "dev", "node_id": "model.analytics_fc.stg_fifatable"} */
alter view "analytics_fc"."main"."stg_fifatable__dbt_tmp" rename to "stg_fifatable"
[0m16:02:45.950087 [debug] [Thread-1 (]: SQL status: OK in 0.000 seconds
[0m16:02:45.966370 [debug] [Thread-1 (]: On model.analytics_fc.stg_fifatable: COMMIT
[0m16:02:45.967045 [debug] [Thread-1 (]: Using duckdb connection "model.analytics_fc.stg_fifatable"
[0m16:02:45.967490 [debug] [Thread-1 (]: On model.analytics_fc.stg_fifatable: COMMIT
[0m16:02:45.977318 [debug] [Thread-1 (]: SQL status: OK in 0.009 seconds
[0m16:02:45.983062 [debug] [Thread-1 (]: Using duckdb connection "model.analytics_fc.stg_fifatable"
[0m16:02:45.983551 [debug] [Thread-1 (]: On model.analytics_fc.stg_fifatable: /* {"app": "dbt", "dbt_version": "1.12.5", "profile_name": "analytics_fc", "target_name": "dev", "node_id": "model.analytics_fc.stg_fifatable"} */

      drop view if exists "analytics_fc"."main"."stg_fifatable__dbt_backup" cascade
    
[0m16:02:45.985674 [debug] [Thread-1 (]: SQL status: OK in 0.002 seconds
[0m16:02:45.988391 [debug] [Thread-1 (]: On model.analytics_fc.stg_fifatable: Close
[0m16:02:45.990942 [debug] [Thread-1 (]: Sending event: {'category': 'dbt', 'action': 'run_model', 'label': '38d0b1b5-bd33-4a84-9cc9-9f90f38ace72', 'context': [<snowplow_tracker.self_describing_json.SelfDescribingJson object at 0x0000023C5F644A10>]}
[0m16:02:45.991640 [info ] [Thread-1 (]: 1 of 3 OK created sql view model main.stg_fifatable ............................ [[32mOK[0m in 0.10s]
[0m16:02:45.992465 [debug] [Thread-1 (]: Finished running node model.analytics_fc.stg_fifatable
[0m16:02:45.993011 [debug] [Thread-1 (]: Began running node model.analytics_fc.stg_tm_stats
[0m16:02:45.993715 [info ] [Thread-1 (]: 2 of 3 START sql view model main.stg_tm_stats .................................. [RUN]
[0m16:02:45.994303 [debug] [Thread-1 (]: Re-using an available connection from the pool (formerly model.analytics_fc.stg_fifatable, now model.analytics_fc.stg_tm_stats)
[0m16:02:45.994714 [debug] [Thread-1 (]: Began compiling node model.analytics_fc.stg_tm_stats
[0m16:02:45.996835 [debug] [Thread-1 (]: Writing injected SQL for node "model.analytics_fc.stg_tm_stats"
[0m16:02:45.997987 [debug] [Thread-1 (]: Began executing node model.analytics_fc.stg_tm_stats
[0m16:02:46.002507 [debug] [Thread-1 (]: Writing runtime sql for node "model.analytics_fc.stg_tm_stats"
[0m16:02:46.004076 [debug] [Thread-1 (]: Using duckdb connection "model.analytics_fc.stg_tm_stats"
[0m16:02:46.004564 [debug] [Thread-1 (]: On model.analytics_fc.stg_tm_stats: BEGIN
[0m16:02:46.004998 [debug] [Thread-1 (]: Opening a new connection, currently in state closed
[0m16:02:46.005949 [debug] [Thread-1 (]: SQL status: OK in 0.001 seconds
[0m16:02:46.006408 [debug] [Thread-1 (]: Using duckdb connection "model.analytics_fc.stg_tm_stats"
[0m16:02:46.006883 [debug] [Thread-1 (]: On model.analytics_fc.stg_tm_stats: /* {"app": "dbt", "dbt_version": "1.12.5", "profile_name": "analytics_fc", "target_name": "dev", "node_id": "model.analytics_fc.stg_tm_stats"} */

  
  create view "analytics_fc"."main"."stg_tm_stats__dbt_tmp" as (
    ﻿WITH source AS (
    SELECT * FROM "analytics_fc"."raw"."tm_stats"
),

renamed AS (
    SELECT
        FifaIndex AS fifa_index,
        short_name,
        competition,
        club,
        games_played,
        goals,
        assists,
        minutes
    FROM source
)

SELECT * FROM renamed
  );

[0m16:02:46.008377 [debug] [Thread-1 (]: SQL status: OK in 0.001 seconds
[0m16:02:46.011146 [debug] [Thread-1 (]: Using duckdb connection "model.analytics_fc.stg_tm_stats"
[0m16:02:46.011615 [debug] [Thread-1 (]: On model.analytics_fc.stg_tm_stats: /* {"app": "dbt", "dbt_version": "1.12.5", "profile_name": "analytics_fc", "target_name": "dev", "node_id": "model.analytics_fc.stg_tm_stats"} */
alter view "analytics_fc"."main"."stg_tm_stats" rename to "stg_tm_stats__dbt_backup"
[0m16:02:46.012483 [debug] [Thread-1 (]: SQL status: OK in 0.000 seconds
[0m16:02:46.014956 [debug] [Thread-1 (]: Using duckdb connection "model.analytics_fc.stg_tm_stats"
[0m16:02:46.015427 [debug] [Thread-1 (]: On model.analytics_fc.stg_tm_stats: /* {"app": "dbt", "dbt_version": "1.12.5", "profile_name": "analytics_fc", "target_name": "dev", "node_id": "model.analytics_fc.stg_tm_stats"} */
alter view "analytics_fc"."main"."stg_tm_stats__dbt_tmp" rename to "stg_tm_stats"
[0m16:02:46.016298 [debug] [Thread-1 (]: SQL status: OK in 0.000 seconds
[0m16:02:46.018114 [debug] [Thread-1 (]: On model.analytics_fc.stg_tm_stats: COMMIT
[0m16:02:46.018540 [debug] [Thread-1 (]: Using duckdb connection "model.analytics_fc.stg_tm_stats"
[0m16:02:46.018940 [debug] [Thread-1 (]: On model.analytics_fc.stg_tm_stats: COMMIT
[0m16:02:46.021135 [debug] [Thread-1 (]: SQL status: OK in 0.002 seconds
[0m16:02:46.022942 [debug] [Thread-1 (]: Using duckdb connection "model.analytics_fc.stg_tm_stats"
[0m16:02:46.023321 [debug] [Thread-1 (]: On model.analytics_fc.stg_tm_stats: /* {"app": "dbt", "dbt_version": "1.12.5", "profile_name": "analytics_fc", "target_name": "dev", "node_id": "model.analytics_fc.stg_tm_stats"} */

      drop view if exists "analytics_fc"."main"."stg_tm_stats__dbt_backup" cascade
    
[0m16:02:46.025577 [debug] [Thread-1 (]: SQL status: OK in 0.002 seconds
[0m16:02:46.027104 [debug] [Thread-1 (]: On model.analytics_fc.stg_tm_stats: Close
[0m16:02:46.027836 [debug] [Thread-1 (]: Sending event: {'category': 'dbt', 'action': 'run_model', 'label': '38d0b1b5-bd33-4a84-9cc9-9f90f38ace72', 'context': [<snowplow_tracker.self_describing_json.SelfDescribingJson object at 0x0000023C5F2DA780>]}
[0m16:02:46.028529 [info ] [Thread-1 (]: 2 of 3 OK created sql view model main.stg_tm_stats ............................. [[32mOK[0m in 0.03s]
[0m16:02:46.029403 [debug] [Thread-1 (]: Finished running node model.analytics_fc.stg_tm_stats
[0m16:02:46.029951 [debug] [Thread-1 (]: Began running node model.analytics_fc.stg_tm_trophies
[0m16:02:46.030675 [info ] [Thread-1 (]: 3 of 3 START sql view model main.stg_tm_trophies ............................... [RUN]
[0m16:02:46.031248 [debug] [Thread-1 (]: Re-using an available connection from the pool (formerly model.analytics_fc.stg_tm_stats, now model.analytics_fc.stg_tm_trophies)
[0m16:02:46.031675 [debug] [Thread-1 (]: Began compiling node model.analytics_fc.stg_tm_trophies
[0m16:02:46.033880 [debug] [Thread-1 (]: Writing injected SQL for node "model.analytics_fc.stg_tm_trophies"
[0m16:02:46.035124 [debug] [Thread-1 (]: Began executing node model.analytics_fc.stg_tm_trophies
[0m16:02:46.038770 [debug] [Thread-1 (]: Writing runtime sql for node "model.analytics_fc.stg_tm_trophies"
[0m16:02:46.039900 [debug] [Thread-1 (]: Using duckdb connection "model.analytics_fc.stg_tm_trophies"
[0m16:02:46.040337 [debug] [Thread-1 (]: On model.analytics_fc.stg_tm_trophies: BEGIN
[0m16:02:46.040736 [debug] [Thread-1 (]: Opening a new connection, currently in state closed
[0m16:02:46.041597 [debug] [Thread-1 (]: SQL status: OK in 0.001 seconds
[0m16:02:46.042236 [debug] [Thread-1 (]: Using duckdb connection "model.analytics_fc.stg_tm_trophies"
[0m16:02:46.042723 [debug] [Thread-1 (]: On model.analytics_fc.stg_tm_trophies: /* {"app": "dbt", "dbt_version": "1.12.5", "profile_name": "analytics_fc", "target_name": "dev", "node_id": "model.analytics_fc.stg_tm_trophies"} */

  
  create view "analytics_fc"."main"."stg_tm_trophies__dbt_tmp" as (
    ﻿WITH source AS (
    SELECT * FROM "analytics_fc"."raw"."tm_trophies"
),

renamed AS (
    SELECT
        short_name,
        club,
        team_trophy,
        individual_trophy,
        trophy,
        year AS trophy_year
    FROM source
)

SELECT * FROM renamed
  );

[0m16:02:46.043799 [debug] [Thread-1 (]: SQL status: OK in 0.001 seconds
[0m16:02:46.046538 [debug] [Thread-1 (]: Using duckdb connection "model.analytics_fc.stg_tm_trophies"
[0m16:02:46.046977 [debug] [Thread-1 (]: On model.analytics_fc.stg_tm_trophies: /* {"app": "dbt", "dbt_version": "1.12.5", "profile_name": "analytics_fc", "target_name": "dev", "node_id": "model.analytics_fc.stg_tm_trophies"} */
alter view "analytics_fc"."main"."stg_tm_trophies" rename to "stg_tm_trophies__dbt_backup"
[0m16:02:46.048026 [debug] [Thread-1 (]: SQL status: OK in 0.001 seconds
[0m16:02:46.050606 [debug] [Thread-1 (]: Using duckdb connection "model.analytics_fc.stg_tm_trophies"
[0m16:02:46.051055 [debug] [Thread-1 (]: On model.analytics_fc.stg_tm_trophies: /* {"app": "dbt", "dbt_version": "1.12.5", "profile_name": "analytics_fc", "target_name": "dev", "node_id": "model.analytics_fc.stg_tm_trophies"} */
alter view "analytics_fc"."main"."stg_tm_trophies__dbt_tmp" rename to "stg_tm_trophies"
[0m16:02:46.051994 [debug] [Thread-1 (]: SQL status: OK in 0.000 seconds
[0m16:02:46.053728 [debug] [Thread-1 (]: On model.analytics_fc.stg_tm_trophies: COMMIT
[0m16:02:46.054174 [debug] [Thread-1 (]: Using duckdb connection "model.analytics_fc.stg_tm_trophies"
[0m16:02:46.054570 [debug] [Thread-1 (]: On model.analytics_fc.stg_tm_trophies: COMMIT
[0m16:02:46.057493 [debug] [Thread-1 (]: SQL status: OK in 0.002 seconds
[0m16:02:46.059511 [debug] [Thread-1 (]: Using duckdb connection "model.analytics_fc.stg_tm_trophies"
[0m16:02:46.059933 [debug] [Thread-1 (]: On model.analytics_fc.stg_tm_trophies: /* {"app": "dbt", "dbt_version": "1.12.5", "profile_name": "analytics_fc", "target_name": "dev", "node_id": "model.analytics_fc.stg_tm_trophies"} */

      drop view if exists "analytics_fc"."main"."stg_tm_trophies__dbt_backup" cascade
    
[0m16:02:46.063156 [debug] [Thread-1 (]: SQL status: OK in 0.003 seconds
[0m16:02:46.064956 [debug] [Thread-1 (]: On model.analytics_fc.stg_tm_trophies: Close
[0m16:02:46.065579 [debug] [Thread-1 (]: Sending event: {'category': 'dbt', 'action': 'run_model', 'label': '38d0b1b5-bd33-4a84-9cc9-9f90f38ace72', 'context': [<snowplow_tracker.self_describing_json.SelfDescribingJson object at 0x0000023C5F6D4F50>]}
[0m16:02:46.066221 [info ] [Thread-1 (]: 3 of 3 OK created sql view model main.stg_tm_trophies .......................... [[32mOK[0m in 0.03s]
[0m16:02:46.066979 [debug] [Thread-1 (]: Finished running node model.analytics_fc.stg_tm_trophies
[0m16:02:46.068470 [debug] [MainThread]: Using duckdb connection "master"
[0m16:02:46.068856 [debug] [MainThread]: On master: BEGIN
[0m16:02:46.069181 [debug] [MainThread]: Opening a new connection, currently in state closed
[0m16:02:46.069896 [debug] [MainThread]: SQL status: OK in 0.001 seconds
[0m16:02:46.070215 [debug] [MainThread]: On master: COMMIT
[0m16:02:46.070510 [debug] [MainThread]: Using duckdb connection "master"
[0m16:02:46.070785 [debug] [MainThread]: On master: COMMIT
[0m16:02:46.071331 [debug] [MainThread]: SQL status: OK in 0.000 seconds
[0m16:02:46.071755 [debug] [MainThread]: On master: Close
[0m16:02:46.072195 [debug] [MainThread]: Connection 'master' was properly closed.
[0m16:02:46.072480 [debug] [MainThread]: Connection 'create_analytics_fc_main' was properly closed.
[0m16:02:46.072745 [debug] [MainThread]: Connection 'list_analytics_fc_main' was properly closed.
[0m16:02:46.073033 [debug] [MainThread]: Connection 'model.analytics_fc.stg_tm_trophies' was properly closed.
[0m16:02:46.073418 [info ] [MainThread]: 
[0m16:02:46.073788 [info ] [MainThread]: Finished running 3 view models in 0 hours 0 minutes and 0.30 seconds (0.30s).
[0m16:02:46.074949 [debug] [MainThread]: Command end result
[0m16:02:46.111744 [debug] [MainThread]: Wrote artifact WritableManifest to C:\Users\AminE\Documents\Fifa Project\analytics-fc\dbt_project\target\manifest.json
[0m16:02:46.114877 [debug] [MainThread]: Wrote artifact SemanticManifest to C:\Users\AminE\Documents\Fifa Project\analytics-fc\dbt_project\target\semantic_manifest.json
[0m16:02:46.118851 [debug] [MainThread]: Wrote artifact OsiDocument to C:\Users\AminE\Documents\Fifa Project\analytics-fc\dbt_project\target\osi_document.json
[0m16:02:46.124940 [debug] [MainThread]: Wrote artifact RunExecutionResult to C:\Users\AminE\Documents\Fifa Project\analytics-fc\dbt_project\target\run_results.json
[0m16:02:46.125311 [info ] [MainThread]: 
[0m16:02:46.125637 [info ] [MainThread]: [32mCompleted successfully[0m
[0m16:02:46.125863 [info ] [MainThread]: 
[0m16:02:46.126094 [info ] [MainThread]: Done. PASS=3 WARN=0 ERROR=0 SKIP=0 NO-OP=0 REUSED=0 TOTAL=3
[0m16:02:46.127146 [debug] [MainThread]: Command `dbt run` succeeded at 16:02:46.126949 after 1.54 seconds
[0m16:02:46.127665 [debug] [MainThread]: Sending event: {'category': 'dbt', 'action': 'invocation', 'label': 'end', 'context': [<snowplow_tracker.self_describing_json.SelfDescribingJson object at 0x0000023C5F0170D0>, <snowplow_tracker.self_describing_json.SelfDescribingJson object at 0x0000023C5C8BBE50>, <snowplow_tracker.self_describing_json.SelfDescribingJson object at 0x0000023C5EA73A80>]}
[0m16:02:46.128174 [debug] [MainThread]: Flushing usage events
[0m16:02:46.864111 [debug] [MainThread]: An error was encountered while trying to flush usage events
[0m16:23:37.049414 [debug] [MainThread]: Sending event: {'category': 'dbt', 'action': 'invocation', 'label': 'start', 'context': [<snowplow_tracker.self_describing_json.SelfDescribingJson object at 0x000002060C2F6660>, <snowplow_tracker.self_describing_json.SelfDescribingJson object at 0x000002060E96FED0>, <snowplow_tracker.self_describing_json.SelfDescribingJson object at 0x000002060E96FC50>]}


============================== 16:23:37.055527 | a40a6864-e3e3-4561-a2d2-6ce92b44cf75 ==============================
[0m16:23:37.055527 [info ] [MainThread]: Running with dbt=1.12.5
[0m16:23:37.056007 [debug] [MainThread]: running dbt with arguments {'static_parser': 'True', 'no_print': 'None', 'maximum_seed_size_mib': '1', 'warn_error_options': 'WarnErrorOptionsV2(error=[], warn=[], silence=[])', 'target_path': 'None', 'version_check': 'True', 'printer_width': '80', 'write_json': 'True', 'empty': 'False', 'log_cache_events': 'False', 'introspect': 'True', 'cache_selected_only': 'False', 'log_format': 'default', 'debug': 'False', 'fail_fast': 'False', 'profiles_dir': 'C:\\Users\\AminE\\Documents\\Fifa Project\\analytics-fc\\dbt_project', 'send_anonymous_usage_stats': 'True', 'quiet': 'False', 'warn_error': 'None', 'partial_parse': 'True', 'use_colors': 'True', 'hints_enabled': 'True', 'indirect_selection': 'eager', 'use_experimental_parser': 'False', 'invocation_command': 'dbt run', 'log_path': 'C:\\Users\\AminE\\Documents\\Fifa Project\\analytics-fc\\dbt_project\\logs'}
[0m16:23:37.451335 [debug] [MainThread]: Sending event: {'category': 'dbt', 'action': 'project_id', 'label': 'a40a6864-e3e3-4561-a2d2-6ce92b44cf75', 'context': [<snowplow_tracker.self_describing_json.SelfDescribingJson object at 0x000002060C8368B0>]}
[0m16:23:37.506205 [debug] [MainThread]: Sending event: {'category': 'dbt', 'action': 'adapter_info', 'label': 'a40a6864-e3e3-4561-a2d2-6ce92b44cf75', 'context': [<snowplow_tracker.self_describing_json.SelfDescribingJson object at 0x000002060A9B4160>]}
[0m16:23:37.509282 [info ] [MainThread]: Registered adapter: duckdb=1.11.0
[0m16:23:37.655551 [debug] [MainThread]: checksum: 7119ea9ea0a8c0e9670f38f33f87c32becf9f2d7f739bdc9a20c0de7769a393a, vars: {}, profile: analytics_fc, target: dev, version: 1.12.5
[0m16:23:37.849435 [debug] [MainThread]: Partial parsing enabled: 0 files deleted, 1 files added, 0 files changed.
[0m16:23:37.849989 [debug] [MainThread]: Partial parsing: added file: analytics_fc://models\marts\cascade\mart_scdi_overall.sql
[0m16:23:38.096800 [debug] [MainThread]: Sending event: {'category': 'dbt', 'action': 'load_project', 'label': 'a40a6864-e3e3-4561-a2d2-6ce92b44cf75', 'context': [<snowplow_tracker.self_describing_json.SelfDescribingJson object at 0x000002060ED54750>]}
[0m16:23:38.171296 [debug] [MainThread]: Wrote artifact WritableManifest to C:\Users\AminE\Documents\Fifa Project\analytics-fc\dbt_project\target\manifest.json
[0m16:23:38.175120 [debug] [MainThread]: Wrote artifact SemanticManifest to C:\Users\AminE\Documents\Fifa Project\analytics-fc\dbt_project\target\semantic_manifest.json
[0m16:23:38.211516 [debug] [MainThread]: Wrote artifact OsiDocument to C:\Users\AminE\Documents\Fifa Project\analytics-fc\dbt_project\target\osi_document.json
[0m16:23:38.230018 [debug] [MainThread]: Sending event: {'category': 'dbt', 'action': 'resource_counts', 'label': 'a40a6864-e3e3-4561-a2d2-6ce92b44cf75', 'context': [<snowplow_tracker.self_describing_json.SelfDescribingJson object at 0x000002060F142C60>]}
[0m16:23:38.230451 [info ] [MainThread]: Found 4 models, 3 sources, 500 macros
[0m16:23:38.230827 [debug] [MainThread]: Sending event: {'category': 'dbt', 'action': 'runnable_timing', 'label': 'a40a6864-e3e3-4561-a2d2-6ce92b44cf75', 'context': [<snowplow_tracker.self_describing_json.SelfDescribingJson object at 0x000002060F1A2430>]}
[0m16:23:38.233403 [info ] [MainThread]: 
[0m16:23:38.233893 [info ] [MainThread]: Concurrency: 1 threads (target='dev')
[0m16:23:38.234141 [info ] [MainThread]: 
[0m16:23:38.234665 [debug] [MainThread]: Acquiring new duckdb connection 'master'
[0m16:23:38.239506 [debug] [ThreadPool]: Acquiring new duckdb connection 'list_analytics_fc'
[0m16:23:38.284654 [debug] [ThreadPool]: Using duckdb connection "list_analytics_fc"
[0m16:23:38.285012 [debug] [ThreadPool]: On list_analytics_fc: /* {"app": "dbt", "dbt_version": "1.12.5", "profile_name": "analytics_fc", "target_name": "dev", "connection_name": "list_analytics_fc"} */

    
    select schema_name
    from system.information_schema.schemata
    
    where lower(catalog_name) = '"analytics_fc"'
    
  
  
[0m16:23:38.285240 [debug] [ThreadPool]: Opening a new connection, currently in state init
[0m16:23:38.335508 [debug] [ThreadPool]: SQL status: OK in 0.050 seconds
[0m16:23:38.337420 [debug] [ThreadPool]: On list_analytics_fc: Close
[0m16:23:38.338041 [debug] [ThreadPool]: Re-using an available connection from the pool (formerly list_analytics_fc, now create_analytics_fc_main)
[0m16:23:38.338434 [debug] [ThreadPool]: Creating schema "database: "analytics_fc"
schema: "main"
"
[0m16:23:38.343685 [debug] [ThreadPool]: Using duckdb connection "create_analytics_fc_main"
[0m16:23:38.343957 [debug] [ThreadPool]: On create_analytics_fc_main: /* {"app": "dbt", "dbt_version": "1.12.5", "profile_name": "analytics_fc", "target_name": "dev", "connection_name": "create_analytics_fc_main"} */

    
        select type from duckdb_databases()
        where lower(database_name)='analytics_fc'
        and type != 'duckdb'
    
  
[0m16:23:38.344154 [debug] [ThreadPool]: Opening a new connection, currently in state closed
[0m16:23:38.345301 [debug] [ThreadPool]: SQL status: OK in 0.001 seconds
[0m16:23:38.346210 [debug] [ThreadPool]: Using duckdb connection "create_analytics_fc_main"
[0m16:23:38.346430 [debug] [ThreadPool]: On create_analytics_fc_main: BEGIN
[0m16:23:38.346878 [debug] [ThreadPool]: SQL status: OK in 0.000 seconds
[0m16:23:38.347092 [debug] [ThreadPool]: Using duckdb connection "create_analytics_fc_main"
[0m16:23:38.347273 [debug] [ThreadPool]: On create_analytics_fc_main: /* {"app": "dbt", "dbt_version": "1.12.5", "profile_name": "analytics_fc", "target_name": "dev", "connection_name": "create_analytics_fc_main"} */

    
    
        create schema if not exists "analytics_fc"."main"
    
[0m16:23:38.348883 [debug] [ThreadPool]: SQL status: OK in 0.001 seconds
[0m16:23:38.349499 [debug] [ThreadPool]: On create_analytics_fc_main: COMMIT
[0m16:23:38.349771 [debug] [ThreadPool]: Using duckdb connection "create_analytics_fc_main"
[0m16:23:38.350070 [debug] [ThreadPool]: On create_analytics_fc_main: COMMIT
[0m16:23:38.350430 [debug] [ThreadPool]: SQL status: OK in 0.000 seconds
[0m16:23:38.350654 [debug] [ThreadPool]: On create_analytics_fc_main: Close
[0m16:23:38.351925 [debug] [ThreadPool]: Acquiring new duckdb connection 'list_analytics_fc_main'
[0m16:23:38.355615 [debug] [ThreadPool]: Using duckdb connection "list_analytics_fc_main"
[0m16:23:38.355936 [debug] [ThreadPool]: On list_analytics_fc_main: BEGIN
[0m16:23:38.356179 [debug] [ThreadPool]: Opening a new connection, currently in state init
[0m16:23:38.356687 [debug] [ThreadPool]: SQL status: OK in 0.000 seconds
[0m16:23:38.356998 [debug] [ThreadPool]: Using duckdb connection "list_analytics_fc_main"
[0m16:23:38.357209 [debug] [ThreadPool]: On list_analytics_fc_main: /* {"app": "dbt", "dbt_version": "1.12.5", "profile_name": "analytics_fc", "target_name": "dev", "connection_name": "list_analytics_fc_main"} */
select
      'analytics_fc' as database,
      table_name as name,
      table_schema as schema,
      CASE table_type
        WHEN 'BASE TABLE' THEN 'table'
        WHEN 'VIEW' THEN 'view'
        WHEN 'LOCAL TEMPORARY' THEN 'table'
        END as type
    from system.information_schema.tables
    where lower(table_schema) = 'main'
    and lower(table_catalog) = 'analytics_fc'
  
[0m16:23:38.368592 [debug] [ThreadPool]: SQL status: OK in 0.011 seconds
[0m16:23:38.369575 [debug] [ThreadPool]: On list_analytics_fc_main: ROLLBACK
[0m16:23:38.369971 [debug] [ThreadPool]: On list_analytics_fc_main: Close
[0m16:23:38.371203 [debug] [MainThread]: Sending event: {'category': 'dbt', 'action': 'runnable_timing', 'label': 'a40a6864-e3e3-4561-a2d2-6ce92b44cf75', 'context': [<snowplow_tracker.self_describing_json.SelfDescribingJson object at 0x000002060F3C3D40>]}
[0m16:23:38.371542 [debug] [MainThread]: Using duckdb connection "master"
[0m16:23:38.371739 [debug] [MainThread]: On master: BEGIN
[0m16:23:38.371903 [debug] [MainThread]: Opening a new connection, currently in state init
[0m16:23:38.372284 [debug] [MainThread]: SQL status: OK in 0.000 seconds
[0m16:23:38.372495 [debug] [MainThread]: On master: COMMIT
[0m16:23:38.372673 [debug] [MainThread]: Using duckdb connection "master"
[0m16:23:38.372845 [debug] [MainThread]: On master: COMMIT
[0m16:23:38.373154 [debug] [MainThread]: SQL status: OK in 0.000 seconds
[0m16:23:38.373338 [debug] [MainThread]: On master: Close
[0m16:23:38.378188 [debug] [Thread-1 (]: Began running node model.analytics_fc.stg_fifatable
[0m16:23:38.378635 [info ] [Thread-1 (]: 1 of 4 START sql view model main.stg_fifatable ................................. [RUN]
[0m16:23:38.379133 [debug] [Thread-1 (]: Acquiring new duckdb connection 'model.analytics_fc.stg_fifatable'
[0m16:23:38.379408 [debug] [Thread-1 (]: Began compiling node model.analytics_fc.stg_fifatable
[0m16:23:38.383863 [debug] [Thread-1 (]: Writing injected SQL for node "model.analytics_fc.stg_fifatable"
[0m16:23:38.385376 [debug] [Thread-1 (]: Began executing node model.analytics_fc.stg_fifatable
[0m16:23:38.408086 [debug] [Thread-1 (]: Writing runtime sql for node "model.analytics_fc.stg_fifatable"
[0m16:23:38.409303 [debug] [Thread-1 (]: Using duckdb connection "model.analytics_fc.stg_fifatable"
[0m16:23:38.409595 [debug] [Thread-1 (]: On model.analytics_fc.stg_fifatable: BEGIN
[0m16:23:38.409804 [debug] [Thread-1 (]: Opening a new connection, currently in state init
[0m16:23:38.410415 [debug] [Thread-1 (]: SQL status: OK in 0.001 seconds
[0m16:23:38.410663 [debug] [Thread-1 (]: Using duckdb connection "model.analytics_fc.stg_fifatable"
[0m16:23:38.410887 [debug] [Thread-1 (]: On model.analytics_fc.stg_fifatable: /* {"app": "dbt", "dbt_version": "1.12.5", "profile_name": "analytics_fc", "target_name": "dev", "node_id": "model.analytics_fc.stg_fifatable"} */

  
  create view "analytics_fc"."main"."stg_fifatable__dbt_tmp" as (
    ﻿WITH source AS (
    SELECT * FROM "analytics_fc"."raw"."fifatable"
),

renamed AS (
    SELECT
        player_id,
        Fifa_year AS fifa_edition_year,
        age,
        short_name,
        long_name,
        nationality,
        club,
        position,
        overall,
        max_potential
    FROM source
)

SELECT * FROM renamed
  );

[0m16:23:38.412452 [debug] [Thread-1 (]: SQL status: OK in 0.001 seconds
[0m16:23:38.416625 [debug] [Thread-1 (]: Using duckdb connection "model.analytics_fc.stg_fifatable"
[0m16:23:38.416909 [debug] [Thread-1 (]: On model.analytics_fc.stg_fifatable: /* {"app": "dbt", "dbt_version": "1.12.5", "profile_name": "analytics_fc", "target_name": "dev", "node_id": "model.analytics_fc.stg_fifatable"} */
alter view "analytics_fc"."main"."stg_fifatable" rename to "stg_fifatable__dbt_backup"
[0m16:23:38.417491 [debug] [Thread-1 (]: SQL status: OK in 0.000 seconds
[0m16:23:38.418953 [debug] [Thread-1 (]: Using duckdb connection "model.analytics_fc.stg_fifatable"
[0m16:23:38.419196 [debug] [Thread-1 (]: On model.analytics_fc.stg_fifatable: /* {"app": "dbt", "dbt_version": "1.12.5", "profile_name": "analytics_fc", "target_name": "dev", "node_id": "model.analytics_fc.stg_fifatable"} */
alter view "analytics_fc"."main"."stg_fifatable__dbt_tmp" rename to "stg_fifatable"
[0m16:23:38.419695 [debug] [Thread-1 (]: SQL status: OK in 0.000 seconds
[0m16:23:38.428749 [debug] [Thread-1 (]: On model.analytics_fc.stg_fifatable: COMMIT
[0m16:23:38.429112 [debug] [Thread-1 (]: Using duckdb connection "model.analytics_fc.stg_fifatable"
[0m16:23:38.429340 [debug] [Thread-1 (]: On model.analytics_fc.stg_fifatable: COMMIT
[0m16:23:38.432638 [debug] [Thread-1 (]: SQL status: OK in 0.003 seconds
[0m16:23:38.436651 [debug] [Thread-1 (]: Using duckdb connection "model.analytics_fc.stg_fifatable"
[0m16:23:38.437025 [debug] [Thread-1 (]: On model.analytics_fc.stg_fifatable: /* {"app": "dbt", "dbt_version": "1.12.5", "profile_name": "analytics_fc", "target_name": "dev", "node_id": "model.analytics_fc.stg_fifatable"} */

      drop view if exists "analytics_fc"."main"."stg_fifatable__dbt_backup" cascade
    
[0m16:23:38.438653 [debug] [Thread-1 (]: SQL status: OK in 0.001 seconds
[0m16:23:38.440572 [debug] [Thread-1 (]: On model.analytics_fc.stg_fifatable: Close
[0m16:23:38.442578 [debug] [Thread-1 (]: Sending event: {'category': 'dbt', 'action': 'run_model', 'label': 'a40a6864-e3e3-4561-a2d2-6ce92b44cf75', 'context': [<snowplow_tracker.self_describing_json.SelfDescribingJson object at 0x000002060F558710>]}
[0m16:23:38.443300 [info ] [Thread-1 (]: 1 of 4 OK created sql view model main.stg_fifatable ............................ [[32mOK[0m in 0.06s]
[0m16:23:38.443820 [debug] [Thread-1 (]: Finished running node model.analytics_fc.stg_fifatable
[0m16:23:38.444145 [debug] [Thread-1 (]: Began running node model.analytics_fc.stg_tm_stats
[0m16:23:38.444578 [info ] [Thread-1 (]: 2 of 4 START sql view model main.stg_tm_stats .................................. [RUN]
[0m16:23:38.445137 [debug] [Thread-1 (]: Re-using an available connection from the pool (formerly model.analytics_fc.stg_fifatable, now model.analytics_fc.stg_tm_stats)
[0m16:23:38.445430 [debug] [Thread-1 (]: Began compiling node model.analytics_fc.stg_tm_stats
[0m16:23:38.447243 [debug] [Thread-1 (]: Writing injected SQL for node "model.analytics_fc.stg_tm_stats"
[0m16:23:38.448106 [debug] [Thread-1 (]: Began executing node model.analytics_fc.stg_tm_stats
[0m16:23:38.451163 [debug] [Thread-1 (]: Writing runtime sql for node "model.analytics_fc.stg_tm_stats"
[0m16:23:38.452240 [debug] [Thread-1 (]: Using duckdb connection "model.analytics_fc.stg_tm_stats"
[0m16:23:38.452600 [debug] [Thread-1 (]: On model.analytics_fc.stg_tm_stats: BEGIN
[0m16:23:38.452834 [debug] [Thread-1 (]: Opening a new connection, currently in state closed
[0m16:23:38.453440 [debug] [Thread-1 (]: SQL status: OK in 0.001 seconds
[0m16:23:38.453757 [debug] [Thread-1 (]: Using duckdb connection "model.analytics_fc.stg_tm_stats"
[0m16:23:38.454122 [debug] [Thread-1 (]: On model.analytics_fc.stg_tm_stats: /* {"app": "dbt", "dbt_version": "1.12.5", "profile_name": "analytics_fc", "target_name": "dev", "node_id": "model.analytics_fc.stg_tm_stats"} */

  
  create view "analytics_fc"."main"."stg_tm_stats__dbt_tmp" as (
    ﻿WITH source AS (
    SELECT * FROM "analytics_fc"."raw"."tm_stats"
),

renamed AS (
    SELECT
        FifaIndex AS fifa_index,
        short_name,
        competition,
        club,
        games_played,
        goals,
        assists,
        minutes
    FROM source
)

SELECT * FROM renamed
  );

[0m16:23:38.454982 [debug] [Thread-1 (]: SQL status: OK in 0.001 seconds
[0m16:23:38.457092 [debug] [Thread-1 (]: Using duckdb connection "model.analytics_fc.stg_tm_stats"
[0m16:23:38.457432 [debug] [Thread-1 (]: On model.analytics_fc.stg_tm_stats: /* {"app": "dbt", "dbt_version": "1.12.5", "profile_name": "analytics_fc", "target_name": "dev", "node_id": "model.analytics_fc.stg_tm_stats"} */
alter view "analytics_fc"."main"."stg_tm_stats" rename to "stg_tm_stats__dbt_backup"
[0m16:23:38.458100 [debug] [Thread-1 (]: SQL status: OK in 0.000 seconds
[0m16:23:38.459840 [debug] [Thread-1 (]: Using duckdb connection "model.analytics_fc.stg_tm_stats"
[0m16:23:38.460129 [debug] [Thread-1 (]: On model.analytics_fc.stg_tm_stats: /* {"app": "dbt", "dbt_version": "1.12.5", "profile_name": "analytics_fc", "target_name": "dev", "node_id": "model.analytics_fc.stg_tm_stats"} */
alter view "analytics_fc"."main"."stg_tm_stats__dbt_tmp" rename to "stg_tm_stats"
[0m16:23:38.460683 [debug] [Thread-1 (]: SQL status: OK in 0.000 seconds
[0m16:23:38.462004 [debug] [Thread-1 (]: On model.analytics_fc.stg_tm_stats: COMMIT
[0m16:23:38.462473 [debug] [Thread-1 (]: Using duckdb connection "model.analytics_fc.stg_tm_stats"
[0m16:23:38.462773 [debug] [Thread-1 (]: On model.analytics_fc.stg_tm_stats: COMMIT
[0m16:23:38.464291 [debug] [Thread-1 (]: SQL status: OK in 0.001 seconds
[0m16:23:38.465694 [debug] [Thread-1 (]: Using duckdb connection "model.analytics_fc.stg_tm_stats"
[0m16:23:38.465981 [debug] [Thread-1 (]: On model.analytics_fc.stg_tm_stats: /* {"app": "dbt", "dbt_version": "1.12.5", "profile_name": "analytics_fc", "target_name": "dev", "node_id": "model.analytics_fc.stg_tm_stats"} */

      drop view if exists "analytics_fc"."main"."stg_tm_stats__dbt_backup" cascade
    
[0m16:23:38.467377 [debug] [Thread-1 (]: SQL status: OK in 0.001 seconds
[0m16:23:38.468571 [debug] [Thread-1 (]: On model.analytics_fc.stg_tm_stats: Close
[0m16:23:38.469055 [debug] [Thread-1 (]: Sending event: {'category': 'dbt', 'action': 'run_model', 'label': 'a40a6864-e3e3-4561-a2d2-6ce92b44cf75', 'context': [<snowplow_tracker.self_describing_json.SelfDescribingJson object at 0x000002060F1EE780>]}
[0m16:23:38.469537 [info ] [Thread-1 (]: 2 of 4 OK created sql view model main.stg_tm_stats ............................. [[32mOK[0m in 0.02s]
[0m16:23:38.470001 [debug] [Thread-1 (]: Finished running node model.analytics_fc.stg_tm_stats
[0m16:23:38.470291 [debug] [Thread-1 (]: Began running node model.analytics_fc.stg_tm_trophies
[0m16:23:38.470773 [info ] [Thread-1 (]: 3 of 4 START sql view model main.stg_tm_trophies ............................... [RUN]
[0m16:23:38.471176 [debug] [Thread-1 (]: Re-using an available connection from the pool (formerly model.analytics_fc.stg_tm_stats, now model.analytics_fc.stg_tm_trophies)
[0m16:23:38.471457 [debug] [Thread-1 (]: Began compiling node model.analytics_fc.stg_tm_trophies
[0m16:23:38.473279 [debug] [Thread-1 (]: Writing injected SQL for node "model.analytics_fc.stg_tm_trophies"
[0m16:23:38.474176 [debug] [Thread-1 (]: Began executing node model.analytics_fc.stg_tm_trophies
[0m16:23:38.477379 [debug] [Thread-1 (]: Writing runtime sql for node "model.analytics_fc.stg_tm_trophies"
[0m16:23:38.478718 [debug] [Thread-1 (]: Using duckdb connection "model.analytics_fc.stg_tm_trophies"
[0m16:23:38.479144 [debug] [Thread-1 (]: On model.analytics_fc.stg_tm_trophies: BEGIN
[0m16:23:38.479398 [debug] [Thread-1 (]: Opening a new connection, currently in state closed
[0m16:23:38.480025 [debug] [Thread-1 (]: SQL status: OK in 0.001 seconds
[0m16:23:38.480341 [debug] [Thread-1 (]: Using duckdb connection "model.analytics_fc.stg_tm_trophies"
[0m16:23:38.480585 [debug] [Thread-1 (]: On model.analytics_fc.stg_tm_trophies: /* {"app": "dbt", "dbt_version": "1.12.5", "profile_name": "analytics_fc", "target_name": "dev", "node_id": "model.analytics_fc.stg_tm_trophies"} */

  
  create view "analytics_fc"."main"."stg_tm_trophies__dbt_tmp" as (
    ﻿WITH source AS (
    SELECT * FROM "analytics_fc"."raw"."tm_trophies"
),

renamed AS (
    SELECT
        short_name,
        club,
        team_trophy,
        individual_trophy,
        trophy,
        year AS trophy_year
    FROM source
)

SELECT * FROM renamed
  );

[0m16:23:38.481337 [debug] [Thread-1 (]: SQL status: OK in 0.000 seconds
[0m16:23:38.483440 [debug] [Thread-1 (]: Using duckdb connection "model.analytics_fc.stg_tm_trophies"
[0m16:23:38.483788 [debug] [Thread-1 (]: On model.analytics_fc.stg_tm_trophies: /* {"app": "dbt", "dbt_version": "1.12.5", "profile_name": "analytics_fc", "target_name": "dev", "node_id": "model.analytics_fc.stg_tm_trophies"} */
alter view "analytics_fc"."main"."stg_tm_trophies" rename to "stg_tm_trophies__dbt_backup"
[0m16:23:38.484454 [debug] [Thread-1 (]: SQL status: OK in 0.000 seconds
[0m16:23:38.486123 [debug] [Thread-1 (]: Using duckdb connection "model.analytics_fc.stg_tm_trophies"
[0m16:23:38.486420 [debug] [Thread-1 (]: On model.analytics_fc.stg_tm_trophies: /* {"app": "dbt", "dbt_version": "1.12.5", "profile_name": "analytics_fc", "target_name": "dev", "node_id": "model.analytics_fc.stg_tm_trophies"} */
alter view "analytics_fc"."main"."stg_tm_trophies__dbt_tmp" rename to "stg_tm_trophies"
[0m16:23:38.487029 [debug] [Thread-1 (]: SQL status: OK in 0.000 seconds
[0m16:23:38.488185 [debug] [Thread-1 (]: On model.analytics_fc.stg_tm_trophies: COMMIT
[0m16:23:38.488467 [debug] [Thread-1 (]: Using duckdb connection "model.analytics_fc.stg_tm_trophies"
[0m16:23:38.488722 [debug] [Thread-1 (]: On model.analytics_fc.stg_tm_trophies: COMMIT
[0m16:23:38.490128 [debug] [Thread-1 (]: SQL status: OK in 0.001 seconds
[0m16:23:38.491433 [debug] [Thread-1 (]: Using duckdb connection "model.analytics_fc.stg_tm_trophies"
[0m16:23:38.491697 [debug] [Thread-1 (]: On model.analytics_fc.stg_tm_trophies: /* {"app": "dbt", "dbt_version": "1.12.5", "profile_name": "analytics_fc", "target_name": "dev", "node_id": "model.analytics_fc.stg_tm_trophies"} */

      drop view if exists "analytics_fc"."main"."stg_tm_trophies__dbt_backup" cascade
    
[0m16:23:38.492919 [debug] [Thread-1 (]: SQL status: OK in 0.001 seconds
[0m16:23:38.494177 [debug] [Thread-1 (]: On model.analytics_fc.stg_tm_trophies: Close
[0m16:23:38.494632 [debug] [Thread-1 (]: Sending event: {'category': 'dbt', 'action': 'run_model', 'label': 'a40a6864-e3e3-4561-a2d2-6ce92b44cf75', 'context': [<snowplow_tracker.self_describing_json.SelfDescribingJson object at 0x000002060F5F4370>]}
[0m16:23:38.495125 [info ] [Thread-1 (]: 3 of 4 OK created sql view model main.stg_tm_trophies .......................... [[32mOK[0m in 0.02s]
[0m16:23:38.495623 [debug] [Thread-1 (]: Finished running node model.analytics_fc.stg_tm_trophies
[0m16:23:38.495907 [debug] [Thread-1 (]: Began running node model.analytics_fc.mart_scdi_overall
[0m16:23:38.496268 [info ] [Thread-1 (]: 4 of 4 START sql table model main.mart_scdi_overall ............................ [RUN]
[0m16:23:38.496769 [debug] [Thread-1 (]: Re-using an available connection from the pool (formerly model.analytics_fc.stg_tm_trophies, now model.analytics_fc.mart_scdi_overall)
[0m16:23:38.497081 [debug] [Thread-1 (]: Began compiling node model.analytics_fc.mart_scdi_overall
[0m16:23:38.498951 [debug] [Thread-1 (]: Writing injected SQL for node "model.analytics_fc.mart_scdi_overall"
[0m16:23:38.500282 [debug] [Thread-1 (]: Began executing node model.analytics_fc.mart_scdi_overall
[0m16:23:38.529616 [debug] [Thread-1 (]: Writing runtime sql for node "model.analytics_fc.mart_scdi_overall"
[0m16:23:38.531402 [debug] [Thread-1 (]: Using duckdb connection "model.analytics_fc.mart_scdi_overall"
[0m16:23:38.531789 [debug] [Thread-1 (]: On model.analytics_fc.mart_scdi_overall: BEGIN
[0m16:23:38.532039 [debug] [Thread-1 (]: Opening a new connection, currently in state closed
[0m16:23:38.532632 [debug] [Thread-1 (]: SQL status: OK in 0.001 seconds
[0m16:23:38.532931 [debug] [Thread-1 (]: Using duckdb connection "model.analytics_fc.mart_scdi_overall"
[0m16:23:38.533300 [debug] [Thread-1 (]: On model.analytics_fc.mart_scdi_overall: /* {"app": "dbt", "dbt_version": "1.12.5", "profile_name": "analytics_fc", "target_name": "dev", "node_id": "model.analytics_fc.mart_scdi_overall"} */

    

    create  table
      "analytics_fc"."main"."mart_scdi_overall__dbt_tmp"
  
    
    as (
      ﻿-- Level 1: Single Correlating Dyadic Index (SCDI)
-- This model finds pairs of players whose 'overall' rating trajectories 
-- highly correlate during their developmental years (ages 18 to 21).

WITH base AS (
    SELECT 
        player_id, 
        short_name,
        age, 
        overall
    FROM "analytics_fc"."main"."stg_fifatable"
    WHERE age BETWEEN 18 AND 21
),

-- Ensure we only compare players who actually have data for all 4 years in this window
complete_trajectories AS (
    SELECT player_id
    FROM base
    GROUP BY player_id
    HAVING COUNT(*) = 4
),

filtered_base AS (
    SELECT b.*
    FROM base b
    INNER JOIN complete_trajectories ct ON b.player_id = ct.player_id
),

-- Join every player with every other player based on the same age
trajectory_pairs AS (
    SELECT 
        a.player_id AS player_a_id,
        a.short_name AS player_a_name,
        b.player_id AS player_b_id,
        b.short_name AS player_b_name,
        a.age,
        a.overall AS overall_a,
        b.overall AS overall_b
    FROM filtered_base a
    INNER JOIN filtered_base b ON a.age = b.age
    WHERE a.player_id < b.player_id -- ensures we don't compare A to A, or do A->B and B->A
)

-- Calculate the Pearson Correlation (SCDI) for the trajectory
SELECT 
    player_a_id,
    player_a_name,
    player_b_id,
    player_b_name,
    CORR(overall_a, overall_b) AS scdi_score
FROM trajectory_pairs
GROUP BY 
    player_a_id, player_a_name, player_b_id, player_b_name
-- Filter for only highly correlated pairs (the "gems")
HAVING CORR(overall_a, overall_b) >= 0.85
    );
    
  
[0m16:23:38.546301 [debug] [Thread-1 (]: DuckDB adapter: duckdb error: Binder Error: Cannot mix values of type VARCHAR and INTEGER_LITERAL in BETWEEN clause - an explicit cast is required

LINE 21:     WHERE age BETWEEN 18 AND 21
                       ^
[0m16:23:38.546795 [debug] [Thread-1 (]: DuckDB adapter: Error running SQL: /* {"app": "dbt", "dbt_version": "1.12.5", "profile_name": "analytics_fc", "target_name": "dev", "node_id": "model.analytics_fc.mart_scdi_overall"} */

    

    create  table
      "analytics_fc"."main"."mart_scdi_overall__dbt_tmp"
  
    
    as (
      ﻿-- Level 1: Single Correlating Dyadic Index (SCDI)
-- This model finds pairs of players whose 'overall' rating trajectories 
-- highly correlate during their developmental years (ages 18 to 21).

WITH base AS (
    SELECT 
        player_id, 
        short_name,
        age, 
        overall
    FROM "analytics_fc"."main"."stg_fifatable"
    WHERE age BETWEEN 18 AND 21
),

-- Ensure we only compare players who actually have data for all 4 years in this window
complete_trajectories AS (
    SELECT player_id
    FROM base
    GROUP BY player_id
    HAVING COUNT(*) = 4
),

filtered_base AS (
    SELECT b.*
    FROM base b
    INNER JOIN complete_trajectories ct ON b.player_id = ct.player_id
),

-- Join every player with every other player based on the same age
trajectory_pairs AS (
    SELECT 
        a.player_id AS player_a_id,
        a.short_name AS player_a_name,
        b.player_id AS player_b_id,
        b.short_name AS player_b_name,
        a.age,
        a.overall AS overall_a,
        b.overall AS overall_b
    FROM filtered_base a
    INNER JOIN filtered_base b ON a.age = b.age
    WHERE a.player_id < b.player_id -- ensures we don't compare A to A, or do A->B and B->A
)

-- Calculate the Pearson Correlation (SCDI) for the trajectory
SELECT 
    player_a_id,
    player_a_name,
    player_b_id,
    player_b_name,
    CORR(overall_a, overall_b) AS scdi_score
FROM trajectory_pairs
GROUP BY 
    player_a_id, player_a_name, player_b_id, player_b_name
-- Filter for only highly correlated pairs (the "gems")
HAVING CORR(overall_a, overall_b) >= 0.85
    );
    
  
[0m16:23:38.547116 [debug] [Thread-1 (]: DuckDB adapter: Rolling back transaction.
[0m16:23:38.547400 [debug] [Thread-1 (]: On model.analytics_fc.mart_scdi_overall: ROLLBACK
[0m16:23:38.547989 [debug] [Thread-1 (]: On model.analytics_fc.mart_scdi_overall: Close
[0m16:23:38.645139 [debug] [Thread-1 (]: Runtime Error in model mart_scdi_overall (models\marts\cascade\mart_scdi_overall.sql)
  Binder Error: Cannot mix values of type VARCHAR and INTEGER_LITERAL in BETWEEN clause - an explicit cast is required
  
  LINE 21:     WHERE age BETWEEN 18 AND 21
                         ^
[0m16:23:38.645632 [debug] [Thread-1 (]: Sending event: {'category': 'dbt', 'action': 'run_model', 'label': 'a40a6864-e3e3-4561-a2d2-6ce92b44cf75', 'context': [<snowplow_tracker.self_describing_json.SelfDescribingJson object at 0x000002060F192FD0>]}
[0m16:23:38.646127 [error] [Thread-1 (]: 4 of 4 ERROR creating sql table model main.mart_scdi_overall ................... [[31mERROR[0m in 0.15s]
[0m16:23:38.646577 [debug] [Thread-1 (]: Finished running node model.analytics_fc.mart_scdi_overall
[0m16:23:38.646930 [debug] [Thread-4 (]: Marking all children of 'model.analytics_fc.mart_scdi_overall' to be skipped because of status 'error'.  Reason: Runtime Error in model mart_scdi_overall (models\marts\cascade\mart_scdi_overall.sql)
  Binder Error: Cannot mix values of type VARCHAR and INTEGER_LITERAL in BETWEEN clause - an explicit cast is required
  
  LINE 21:     WHERE age BETWEEN 18 AND 21
                         ^.
[0m16:23:38.648438 [debug] [MainThread]: Using duckdb connection "master"
[0m16:23:38.648731 [debug] [MainThread]: On master: BEGIN
[0m16:23:38.648940 [debug] [MainThread]: Opening a new connection, currently in state closed
[0m16:23:38.649470 [debug] [MainThread]: SQL status: OK in 0.001 seconds
[0m16:23:38.649682 [debug] [MainThread]: On master: COMMIT
[0m16:23:38.649884 [debug] [MainThread]: Using duckdb connection "master"
[0m16:23:38.650075 [debug] [MainThread]: On master: COMMIT
[0m16:23:38.650396 [debug] [MainThread]: SQL status: OK in 0.000 seconds
[0m16:23:38.650621 [debug] [MainThread]: On master: Close
[0m16:23:38.650904 [debug] [MainThread]: Connection 'master' was properly closed.
[0m16:23:38.651126 [debug] [MainThread]: Connection 'create_analytics_fc_main' was properly closed.
[0m16:23:38.651292 [debug] [MainThread]: Connection 'list_analytics_fc_main' was properly closed.
[0m16:23:38.651442 [debug] [MainThread]: Connection 'model.analytics_fc.mart_scdi_overall' was properly closed.
[0m16:23:38.651716 [info ] [MainThread]: 
[0m16:23:38.651968 [info ] [MainThread]: Finished running 1 table model, 3 view models in 0 hours 0 minutes and 0.42 seconds (0.42s).
[0m16:23:38.652796 [debug] [MainThread]: Command end result
[0m16:23:38.677227 [debug] [MainThread]: Wrote artifact WritableManifest to C:\Users\AminE\Documents\Fifa Project\analytics-fc\dbt_project\target\manifest.json
[0m16:23:38.680097 [debug] [MainThread]: Wrote artifact SemanticManifest to C:\Users\AminE\Documents\Fifa Project\analytics-fc\dbt_project\target\semantic_manifest.json
[0m16:23:38.682402 [debug] [MainThread]: Wrote artifact OsiDocument to C:\Users\AminE\Documents\Fifa Project\analytics-fc\dbt_project\target\osi_document.json
[0m16:23:38.687946 [debug] [MainThread]: Wrote artifact RunExecutionResult to C:\Users\AminE\Documents\Fifa Project\analytics-fc\dbt_project\target\run_results.json
[0m16:23:38.688228 [info ] [MainThread]: 
[0m16:23:38.688521 [info ] [MainThread]: [31mCompleted with 1 error, 0 partial successes, and 0 warnings:[0m
[0m16:23:38.688747 [info ] [MainThread]: 
[0m16:23:38.689008 [error] [MainThread]: [[31mERROR[0m]: in model mart_scdi_overall (models\marts\cascade\mart_scdi_overall.sql)
[0m16:23:38.689273 [error] [MainThread]:   Runtime Error in model mart_scdi_overall (models\marts\cascade\mart_scdi_overall.sql)
  Binder Error: Cannot mix values of type VARCHAR and INTEGER_LITERAL in BETWEEN clause - an explicit cast is required
  
  LINE 21:     WHERE age BETWEEN 18 AND 21
                         ^
[0m16:23:38.689464 [info ] [MainThread]: 
[0m16:23:38.689725 [info ] [MainThread]:   compiled code at target\compiled\analytics_fc\models\marts\cascade\mart_scdi_overall.sql
[0m16:23:38.689921 [info ] [MainThread]: 
[0m16:23:38.690169 [info ] [MainThread]: Done. PASS=3 WARN=0 ERROR=1 SKIP=0 NO-OP=0 REUSED=0 TOTAL=4
[0m16:23:38.690898 [debug] [MainThread]: Command `dbt run` failed at 16:23:38.690789 after 1.76 seconds
[0m16:23:38.691260 [debug] [MainThread]: Sending event: {'category': 'dbt', 'action': 'invocation', 'label': 'end', 'context': [<snowplow_tracker.self_describing_json.SelfDescribingJson object at 0x000002060E993A80>, <snowplow_tracker.self_describing_json.SelfDescribingJson object at 0x000002060E747070>, <snowplow_tracker.self_describing_json.SelfDescribingJson object at 0x000002060C0C5250>]}
[0m16:23:38.691556 [debug] [MainThread]: Flushing usage events
[0m16:23:39.503640 [debug] [MainThread]: An error was encountered while trying to flush usage events
[0m16:23:53.986936 [debug] [MainThread]: Sending event: {'category': 'dbt', 'action': 'invocation', 'label': 'start', 'context': [<snowplow_tracker.self_describing_json.SelfDescribingJson object at 0x00000240BC196660>, <snowplow_tracker.self_describing_json.SelfDescribingJson object at 0x00000240BE80FED0>, <snowplow_tracker.self_describing_json.SelfDescribingJson object at 0x00000240BE80FC50>]}


============================== 16:23:53.991414 | 3f7e4f9e-e917-4d27-9fbf-6628efd1e1ab ==============================
[0m16:23:53.991414 [info ] [MainThread]: Running with dbt=1.12.5
[0m16:23:53.991911 [debug] [MainThread]: running dbt with arguments {'version_check': 'True', 'no_print': 'None', 'maximum_seed_size_mib': '1', 'warn_error_options': 'WarnErrorOptionsV2(error=[], warn=[], silence=[])', 'static_parser': 'True', 'target_path': 'None', 'printer_width': '80', 'write_json': 'True', 'introspect': 'True', 'log_cache_events': 'False', 'empty': 'False', 'cache_selected_only': 'False', 'fail_fast': 'False', 'debug': 'False', 'log_format': 'default', 'partial_parse': 'True', 'send_anonymous_usage_stats': 'True', 'quiet': 'False', 'warn_error': 'None', 'profiles_dir': 'C:\\Users\\AminE\\Documents\\Fifa Project\\analytics-fc\\dbt_project', 'invocation_command': 'dbt run', 'hints_enabled': 'True', 'indirect_selection': 'eager', 'use_experimental_parser': 'False', 'use_colors': 'True', 'log_path': 'C:\\Users\\AminE\\Documents\\Fifa Project\\analytics-fc\\dbt_project\\logs'}
[0m16:23:54.202224 [debug] [MainThread]: Sending event: {'category': 'dbt', 'action': 'project_id', 'label': '3f7e4f9e-e917-4d27-9fbf-6628efd1e1ab', 'context': [<snowplow_tracker.self_describing_json.SelfDescribingJson object at 0x00000240BC6DA8B0>]}
[0m16:23:54.259671 [debug] [MainThread]: Sending event: {'category': 'dbt', 'action': 'adapter_info', 'label': '3f7e4f9e-e917-4d27-9fbf-6628efd1e1ab', 'context': [<snowplow_tracker.self_describing_json.SelfDescribingJson object at 0x00000240BA890160>]}
[0m16:23:54.262071 [info ] [MainThread]: Registered adapter: duckdb=1.11.0
[0m16:23:54.418424 [debug] [MainThread]: checksum: 7119ea9ea0a8c0e9670f38f33f87c32becf9f2d7f739bdc9a20c0de7769a393a, vars: {}, profile: analytics_fc, target: dev, version: 1.12.5
[0m16:23:54.585238 [debug] [MainThread]: Partial parsing enabled: 0 files deleted, 0 files added, 1 files changed.
[0m16:23:54.585732 [debug] [MainThread]: Partial parsing: updated file: analytics_fc://models\staging\stg_fifatable.sql
[0m16:23:54.823095 [debug] [MainThread]: Sending event: {'category': 'dbt', 'action': 'load_project', 'label': '3f7e4f9e-e917-4d27-9fbf-6628efd1e1ab', 'context': [<snowplow_tracker.self_describing_json.SelfDescribingJson object at 0x00000240BEF94F50>]}
[0m16:23:54.896692 [debug] [MainThread]: Wrote artifact WritableManifest to C:\Users\AminE\Documents\Fifa Project\analytics-fc\dbt_project\target\manifest.json
[0m16:23:54.899579 [debug] [MainThread]: Wrote artifact SemanticManifest to C:\Users\AminE\Documents\Fifa Project\analytics-fc\dbt_project\target\semantic_manifest.json
[0m16:23:54.922576 [debug] [MainThread]: Wrote artifact OsiDocument to C:\Users\AminE\Documents\Fifa Project\analytics-fc\dbt_project\target\osi_document.json
[0m16:23:54.934194 [debug] [MainThread]: Sending event: {'category': 'dbt', 'action': 'resource_counts', 'label': '3f7e4f9e-e917-4d27-9fbf-6628efd1e1ab', 'context': [<snowplow_tracker.self_describing_json.SelfDescribingJson object at 0x00000240BF03AC60>]}
[0m16:23:54.934718 [info ] [MainThread]: Found 4 models, 3 sources, 500 macros
[0m16:23:54.935049 [debug] [MainThread]: Sending event: {'category': 'dbt', 'action': 'runnable_timing', 'label': '3f7e4f9e-e917-4d27-9fbf-6628efd1e1ab', 'context': [<snowplow_tracker.self_describing_json.SelfDescribingJson object at 0x00000240BF09A190>]}
[0m16:23:54.936669 [info ] [MainThread]: 
[0m16:23:54.937035 [info ] [MainThread]: Concurrency: 1 threads (target='dev')
[0m16:23:54.937286 [info ] [MainThread]: 
[0m16:23:54.938160 [debug] [MainThread]: Acquiring new duckdb connection 'master'
[0m16:23:54.942281 [debug] [ThreadPool]: Acquiring new duckdb connection 'list_analytics_fc'
[0m16:23:54.981175 [debug] [ThreadPool]: Using duckdb connection "list_analytics_fc"
[0m16:23:54.981528 [debug] [ThreadPool]: On list_analytics_fc: /* {"app": "dbt", "dbt_version": "1.12.5", "profile_name": "analytics_fc", "target_name": "dev", "connection_name": "list_analytics_fc"} */

    
    select schema_name
    from system.information_schema.schemata
    
    where lower(catalog_name) = '"analytics_fc"'
    
  
  
[0m16:23:54.981754 [debug] [ThreadPool]: Opening a new connection, currently in state init
[0m16:23:55.008344 [debug] [ThreadPool]: SQL status: OK in 0.027 seconds
[0m16:23:55.009465 [debug] [ThreadPool]: On list_analytics_fc: Close
[0m16:23:55.010084 [debug] [ThreadPool]: Re-using an available connection from the pool (formerly list_analytics_fc, now create_analytics_fc_main)
[0m16:23:55.010470 [debug] [ThreadPool]: Creating schema "database: "analytics_fc"
schema: "main"
"
[0m16:23:55.015772 [debug] [ThreadPool]: Using duckdb connection "create_analytics_fc_main"
[0m16:23:55.016122 [debug] [ThreadPool]: On create_analytics_fc_main: /* {"app": "dbt", "dbt_version": "1.12.5", "profile_name": "analytics_fc", "target_name": "dev", "connection_name": "create_analytics_fc_main"} */

    
        select type from duckdb_databases()
        where lower(database_name)='analytics_fc'
        and type != 'duckdb'
    
  
[0m16:23:55.016377 [debug] [ThreadPool]: Opening a new connection, currently in state closed
[0m16:23:55.017290 [debug] [ThreadPool]: SQL status: OK in 0.001 seconds
[0m16:23:55.018253 [debug] [ThreadPool]: Using duckdb connection "create_analytics_fc_main"
[0m16:23:55.018486 [debug] [ThreadPool]: On create_analytics_fc_main: BEGIN
[0m16:23:55.018850 [debug] [ThreadPool]: SQL status: OK in 0.000 seconds
[0m16:23:55.019051 [debug] [ThreadPool]: Using duckdb connection "create_analytics_fc_main"
[0m16:23:55.019228 [debug] [ThreadPool]: On create_analytics_fc_main: /* {"app": "dbt", "dbt_version": "1.12.5", "profile_name": "analytics_fc", "target_name": "dev", "connection_name": "create_analytics_fc_main"} */

    
    
        create schema if not exists "analytics_fc"."main"
    
[0m16:23:55.019608 [debug] [ThreadPool]: SQL status: OK in 0.000 seconds
[0m16:23:55.020224 [debug] [ThreadPool]: On create_analytics_fc_main: COMMIT
[0m16:23:55.020443 [debug] [ThreadPool]: Using duckdb connection "create_analytics_fc_main"
[0m16:23:55.020627 [debug] [ThreadPool]: On create_analytics_fc_main: COMMIT
[0m16:23:55.020948 [debug] [ThreadPool]: SQL status: OK in 0.000 seconds
[0m16:23:55.021165 [debug] [ThreadPool]: On create_analytics_fc_main: Close
[0m16:23:55.022455 [debug] [ThreadPool]: Acquiring new duckdb connection 'list_analytics_fc_main'
[0m16:23:55.026093 [debug] [ThreadPool]: Using duckdb connection "list_analytics_fc_main"
[0m16:23:55.026345 [debug] [ThreadPool]: On list_analytics_fc_main: BEGIN
[0m16:23:55.026549 [debug] [ThreadPool]: Opening a new connection, currently in state init
[0m16:23:55.027014 [debug] [ThreadPool]: SQL status: OK in 0.000 seconds
[0m16:23:55.027221 [debug] [ThreadPool]: Using duckdb connection "list_analytics_fc_main"
[0m16:23:55.027404 [debug] [ThreadPool]: On list_analytics_fc_main: /* {"app": "dbt", "dbt_version": "1.12.5", "profile_name": "analytics_fc", "target_name": "dev", "connection_name": "list_analytics_fc_main"} */
select
      'analytics_fc' as database,
      table_name as name,
      table_schema as schema,
      CASE table_type
        WHEN 'BASE TABLE' THEN 'table'
        WHEN 'VIEW' THEN 'view'
        WHEN 'LOCAL TEMPORARY' THEN 'table'
        END as type
    from system.information_schema.tables
    where lower(table_schema) = 'main'
    and lower(table_catalog) = 'analytics_fc'
  
[0m16:23:55.030521 [debug] [ThreadPool]: SQL status: OK in 0.003 seconds
[0m16:23:55.031522 [debug] [ThreadPool]: On list_analytics_fc_main: ROLLBACK
[0m16:23:55.031950 [debug] [ThreadPool]: On list_analytics_fc_main: Close
[0m16:23:55.032959 [debug] [MainThread]: Sending event: {'category': 'dbt', 'action': 'runnable_timing', 'label': '3f7e4f9e-e917-4d27-9fbf-6628efd1e1ab', 'context': [<snowplow_tracker.self_describing_json.SelfDescribingJson object at 0x00000240BF2AF5F0>]}
[0m16:23:55.033390 [debug] [MainThread]: Using duckdb connection "master"
[0m16:23:55.033610 [debug] [MainThread]: On master: BEGIN
[0m16:23:55.033791 [debug] [MainThread]: Opening a new connection, currently in state init
[0m16:23:55.034187 [debug] [MainThread]: SQL status: OK in 0.000 seconds
[0m16:23:55.034411 [debug] [MainThread]: On master: COMMIT
[0m16:23:55.034624 [debug] [MainThread]: Using duckdb connection "master"
[0m16:23:55.034801 [debug] [MainThread]: On master: COMMIT
[0m16:23:55.035105 [debug] [MainThread]: SQL status: OK in 0.000 seconds
[0m16:23:55.035302 [debug] [MainThread]: On master: Close
[0m16:23:55.038097 [debug] [Thread-1 (]: Began running node model.analytics_fc.stg_fifatable
[0m16:23:55.038510 [info ] [Thread-1 (]: 1 of 4 START sql view model main.stg_fifatable ................................. [RUN]
[0m16:23:55.038957 [debug] [Thread-1 (]: Acquiring new duckdb connection 'model.analytics_fc.stg_fifatable'
[0m16:23:55.039207 [debug] [Thread-1 (]: Began compiling node model.analytics_fc.stg_fifatable
[0m16:23:55.044279 [debug] [Thread-1 (]: Writing injected SQL for node "model.analytics_fc.stg_fifatable"
[0m16:23:55.045103 [debug] [Thread-1 (]: Began executing node model.analytics_fc.stg_fifatable
[0m16:23:55.067745 [debug] [Thread-1 (]: Writing runtime sql for node "model.analytics_fc.stg_fifatable"
[0m16:23:55.068652 [debug] [Thread-1 (]: Using duckdb connection "model.analytics_fc.stg_fifatable"
[0m16:23:55.068946 [debug] [Thread-1 (]: On model.analytics_fc.stg_fifatable: BEGIN
[0m16:23:55.069167 [debug] [Thread-1 (]: Opening a new connection, currently in state init
[0m16:23:55.069893 [debug] [Thread-1 (]: SQL status: OK in 0.001 seconds
[0m16:23:55.070180 [debug] [Thread-1 (]: Using duckdb connection "model.analytics_fc.stg_fifatable"
[0m16:23:55.070431 [debug] [Thread-1 (]: On model.analytics_fc.stg_fifatable: /* {"app": "dbt", "dbt_version": "1.12.5", "profile_name": "analytics_fc", "target_name": "dev", "node_id": "model.analytics_fc.stg_fifatable"} */

  
  create view "analytics_fc"."main"."stg_fifatable__dbt_tmp" as (
    ﻿WITH source AS (
    SELECT * FROM "analytics_fc"."raw"."fifatable"
),

renamed AS (
    SELECT
        player_id,
        Fifa_year AS fifa_edition_year,
        CAST(age AS INTEGER) AS age,
        short_name,
        long_name,
        nationality,
        club,
        position,
        CAST(overall AS INTEGER) AS overall,
        CAST(max_potential AS INTEGER) AS max_potential
    FROM source
)

SELECT * FROM renamed
  );

[0m16:23:55.071397 [debug] [Thread-1 (]: SQL status: OK in 0.001 seconds
[0m16:23:55.075827 [debug] [Thread-1 (]: Using duckdb connection "model.analytics_fc.stg_fifatable"
[0m16:23:55.076118 [debug] [Thread-1 (]: On model.analytics_fc.stg_fifatable: /* {"app": "dbt", "dbt_version": "1.12.5", "profile_name": "analytics_fc", "target_name": "dev", "node_id": "model.analytics_fc.stg_fifatable"} */
alter view "analytics_fc"."main"."stg_fifatable" rename to "stg_fifatable__dbt_backup"
[0m16:23:55.076782 [debug] [Thread-1 (]: SQL status: OK in 0.000 seconds
[0m16:23:55.078369 [debug] [Thread-1 (]: Using duckdb connection "model.analytics_fc.stg_fifatable"
[0m16:23:55.078632 [debug] [Thread-1 (]: On model.analytics_fc.stg_fifatable: /* {"app": "dbt", "dbt_version": "1.12.5", "profile_name": "analytics_fc", "target_name": "dev", "node_id": "model.analytics_fc.stg_fifatable"} */
alter view "analytics_fc"."main"."stg_fifatable__dbt_tmp" rename to "stg_fifatable"
[0m16:23:55.079120 [debug] [Thread-1 (]: SQL status: OK in 0.000 seconds
[0m16:23:55.088689 [debug] [Thread-1 (]: On model.analytics_fc.stg_fifatable: COMMIT
[0m16:23:55.089030 [debug] [Thread-1 (]: Using duckdb connection "model.analytics_fc.stg_fifatable"
[0m16:23:55.089262 [debug] [Thread-1 (]: On model.analytics_fc.stg_fifatable: COMMIT
[0m16:23:55.091276 [debug] [Thread-1 (]: SQL status: OK in 0.002 seconds
[0m16:23:55.095105 [debug] [Thread-1 (]: Using duckdb connection "model.analytics_fc.stg_fifatable"
[0m16:23:55.095401 [debug] [Thread-1 (]: On model.analytics_fc.stg_fifatable: /* {"app": "dbt", "dbt_version": "1.12.5", "profile_name": "analytics_fc", "target_name": "dev", "node_id": "model.analytics_fc.stg_fifatable"} */

      drop view if exists "analytics_fc"."main"."stg_fifatable__dbt_backup" cascade
    
[0m16:23:55.096554 [debug] [Thread-1 (]: SQL status: OK in 0.001 seconds
[0m16:23:55.098474 [debug] [Thread-1 (]: On model.analytics_fc.stg_fifatable: Close
[0m16:23:55.100288 [debug] [Thread-1 (]: Sending event: {'category': 'dbt', 'action': 'run_model', 'label': '3f7e4f9e-e917-4d27-9fbf-6628efd1e1ab', 'context': [<snowplow_tracker.self_describing_json.SelfDescribingJson object at 0x00000240BF4484D0>]}
[0m16:23:55.100796 [info ] [Thread-1 (]: 1 of 4 OK created sql view model main.stg_fifatable ............................ [[32mOK[0m in 0.06s]
[0m16:23:55.101321 [debug] [Thread-1 (]: Finished running node model.analytics_fc.stg_fifatable
[0m16:23:55.101624 [debug] [Thread-1 (]: Began running node model.analytics_fc.stg_tm_stats
[0m16:23:55.102103 [info ] [Thread-1 (]: 2 of 4 START sql view model main.stg_tm_stats .................................. [RUN]
[0m16:23:55.102598 [debug] [Thread-1 (]: Re-using an available connection from the pool (formerly model.analytics_fc.stg_fifatable, now model.analytics_fc.stg_tm_stats)
[0m16:23:55.102922 [debug] [Thread-1 (]: Began compiling node model.analytics_fc.stg_tm_stats
[0m16:23:55.104425 [debug] [Thread-1 (]: Writing injected SQL for node "model.analytics_fc.stg_tm_stats"
[0m16:23:55.105212 [debug] [Thread-1 (]: Began executing node model.analytics_fc.stg_tm_stats
[0m16:23:55.107847 [debug] [Thread-1 (]: Writing runtime sql for node "model.analytics_fc.stg_tm_stats"
[0m16:23:55.108579 [debug] [Thread-1 (]: Using duckdb connection "model.analytics_fc.stg_tm_stats"
[0m16:23:55.108857 [debug] [Thread-1 (]: On model.analytics_fc.stg_tm_stats: BEGIN
[0m16:23:55.109085 [debug] [Thread-1 (]: Opening a new connection, currently in state closed
[0m16:23:55.109611 [debug] [Thread-1 (]: SQL status: OK in 0.001 seconds
[0m16:23:55.109847 [debug] [Thread-1 (]: Using duckdb connection "model.analytics_fc.stg_tm_stats"
[0m16:23:55.110079 [debug] [Thread-1 (]: On model.analytics_fc.stg_tm_stats: /* {"app": "dbt", "dbt_version": "1.12.5", "profile_name": "analytics_fc", "target_name": "dev", "node_id": "model.analytics_fc.stg_tm_stats"} */

  
  create view "analytics_fc"."main"."stg_tm_stats__dbt_tmp" as (
    ﻿WITH source AS (
    SELECT * FROM "analytics_fc"."raw"."tm_stats"
),

renamed AS (
    SELECT
        FifaIndex AS fifa_index,
        short_name,
        competition,
        club,
        games_played,
        goals,
        assists,
        minutes
    FROM source
)

SELECT * FROM renamed
  );

[0m16:23:55.110895 [debug] [Thread-1 (]: SQL status: OK in 0.000 seconds
[0m16:23:55.113156 [debug] [Thread-1 (]: Using duckdb connection "model.analytics_fc.stg_tm_stats"
[0m16:23:55.113452 [debug] [Thread-1 (]: On model.analytics_fc.stg_tm_stats: /* {"app": "dbt", "dbt_version": "1.12.5", "profile_name": "analytics_fc", "target_name": "dev", "node_id": "model.analytics_fc.stg_tm_stats"} */
alter view "analytics_fc"."main"."stg_tm_stats" rename to "stg_tm_stats__dbt_backup"
[0m16:23:55.114096 [debug] [Thread-1 (]: SQL status: OK in 0.000 seconds
[0m16:23:55.115749 [debug] [Thread-1 (]: Using duckdb connection "model.analytics_fc.stg_tm_stats"
[0m16:23:55.116018 [debug] [Thread-1 (]: On model.analytics_fc.stg_tm_stats: /* {"app": "dbt", "dbt_version": "1.12.5", "profile_name": "analytics_fc", "target_name": "dev", "node_id": "model.analytics_fc.stg_tm_stats"} */
alter view "analytics_fc"."main"."stg_tm_stats__dbt_tmp" rename to "stg_tm_stats"
[0m16:23:55.116544 [debug] [Thread-1 (]: SQL status: OK in 0.000 seconds
[0m16:23:55.117670 [debug] [Thread-1 (]: On model.analytics_fc.stg_tm_stats: COMMIT
[0m16:23:55.117940 [debug] [Thread-1 (]: Using duckdb connection "model.analytics_fc.stg_tm_stats"
[0m16:23:55.118243 [debug] [Thread-1 (]: On model.analytics_fc.stg_tm_stats: COMMIT
[0m16:23:55.119717 [debug] [Thread-1 (]: SQL status: OK in 0.001 seconds
[0m16:23:55.120925 [debug] [Thread-1 (]: Using duckdb connection "model.analytics_fc.stg_tm_stats"
[0m16:23:55.121252 [debug] [Thread-1 (]: On model.analytics_fc.stg_tm_stats: /* {"app": "dbt", "dbt_version": "1.12.5", "profile_name": "analytics_fc", "target_name": "dev", "node_id": "model.analytics_fc.stg_tm_stats"} */

      drop view if exists "analytics_fc"."main"."stg_tm_stats__dbt_backup" cascade
    
[0m16:23:55.122554 [debug] [Thread-1 (]: SQL status: OK in 0.001 seconds
[0m16:23:55.123557 [debug] [Thread-1 (]: On model.analytics_fc.stg_tm_stats: Close
[0m16:23:55.123997 [debug] [Thread-1 (]: Sending event: {'category': 'dbt', 'action': 'run_model', 'label': '3f7e4f9e-e917-4d27-9fbf-6628efd1e1ab', 'context': [<snowplow_tracker.self_describing_json.SelfDescribingJson object at 0x00000240BF0E68E0>]}
[0m16:23:55.124460 [info ] [Thread-1 (]: 2 of 4 OK created sql view model main.stg_tm_stats ............................. [[32mOK[0m in 0.02s]
[0m16:23:55.124896 [debug] [Thread-1 (]: Finished running node model.analytics_fc.stg_tm_stats
[0m16:23:55.125190 [debug] [Thread-1 (]: Began running node model.analytics_fc.stg_tm_trophies
[0m16:23:55.125646 [info ] [Thread-1 (]: 3 of 4 START sql view model main.stg_tm_trophies ............................... [RUN]
[0m16:23:55.126027 [debug] [Thread-1 (]: Re-using an available connection from the pool (formerly model.analytics_fc.stg_tm_stats, now model.analytics_fc.stg_tm_trophies)
[0m16:23:55.126283 [debug] [Thread-1 (]: Began compiling node model.analytics_fc.stg_tm_trophies
[0m16:23:55.127783 [debug] [Thread-1 (]: Writing injected SQL for node "model.analytics_fc.stg_tm_trophies"
[0m16:23:55.128467 [debug] [Thread-1 (]: Began executing node model.analytics_fc.stg_tm_trophies
[0m16:23:55.130771 [debug] [Thread-1 (]: Writing runtime sql for node "model.analytics_fc.stg_tm_trophies"
[0m16:23:55.131520 [debug] [Thread-1 (]: Using duckdb connection "model.analytics_fc.stg_tm_trophies"
[0m16:23:55.131791 [debug] [Thread-1 (]: On model.analytics_fc.stg_tm_trophies: BEGIN
[0m16:23:55.132022 [debug] [Thread-1 (]: Opening a new connection, currently in state closed
[0m16:23:55.132582 [debug] [Thread-1 (]: SQL status: OK in 0.001 seconds
[0m16:23:55.132855 [debug] [Thread-1 (]: Using duckdb connection "model.analytics_fc.stg_tm_trophies"
[0m16:23:55.133107 [debug] [Thread-1 (]: On model.analytics_fc.stg_tm_trophies: /* {"app": "dbt", "dbt_version": "1.12.5", "profile_name": "analytics_fc", "target_name": "dev", "node_id": "model.analytics_fc.stg_tm_trophies"} */

  
  create view "analytics_fc"."main"."stg_tm_trophies__dbt_tmp" as (
    ﻿WITH source AS (
    SELECT * FROM "analytics_fc"."raw"."tm_trophies"
),

renamed AS (
    SELECT
        short_name,
        club,
        team_trophy,
        individual_trophy,
        trophy,
        year AS trophy_year
    FROM source
)

SELECT * FROM renamed
  );

[0m16:23:55.133854 [debug] [Thread-1 (]: SQL status: OK in 0.000 seconds
[0m16:23:55.135489 [debug] [Thread-1 (]: Using duckdb connection "model.analytics_fc.stg_tm_trophies"
[0m16:23:55.135755 [debug] [Thread-1 (]: On model.analytics_fc.stg_tm_trophies: /* {"app": "dbt", "dbt_version": "1.12.5", "profile_name": "analytics_fc", "target_name": "dev", "node_id": "model.analytics_fc.stg_tm_trophies"} */
alter view "analytics_fc"."main"."stg_tm_trophies" rename to "stg_tm_trophies__dbt_backup"
[0m16:23:55.136241 [debug] [Thread-1 (]: SQL status: OK in 0.000 seconds
[0m16:23:55.137827 [debug] [Thread-1 (]: Using duckdb connection "model.analytics_fc.stg_tm_trophies"
[0m16:23:55.138093 [debug] [Thread-1 (]: On model.analytics_fc.stg_tm_trophies: /* {"app": "dbt", "dbt_version": "1.12.5", "profile_name": "analytics_fc", "target_name": "dev", "node_id": "model.analytics_fc.stg_tm_trophies"} */
alter view "analytics_fc"."main"."stg_tm_trophies__dbt_tmp" rename to "stg_tm_trophies"
[0m16:23:55.138591 [debug] [Thread-1 (]: SQL status: OK in 0.000 seconds
[0m16:23:55.139727 [debug] [Thread-1 (]: On model.analytics_fc.stg_tm_trophies: COMMIT
[0m16:23:55.139992 [debug] [Thread-1 (]: Using duckdb connection "model.analytics_fc.stg_tm_trophies"
[0m16:23:55.140212 [debug] [Thread-1 (]: On model.analytics_fc.stg_tm_trophies: COMMIT
[0m16:23:55.141574 [debug] [Thread-1 (]: SQL status: OK in 0.001 seconds
[0m16:23:55.142854 [debug] [Thread-1 (]: Using duckdb connection "model.analytics_fc.stg_tm_trophies"
[0m16:23:55.143140 [debug] [Thread-1 (]: On model.analytics_fc.stg_tm_trophies: /* {"app": "dbt", "dbt_version": "1.12.5", "profile_name": "analytics_fc", "target_name": "dev", "node_id": "model.analytics_fc.stg_tm_trophies"} */

      drop view if exists "analytics_fc"."main"."stg_tm_trophies__dbt_backup" cascade
    
[0m16:23:55.144270 [debug] [Thread-1 (]: SQL status: OK in 0.001 seconds
[0m16:23:55.145302 [debug] [Thread-1 (]: On model.analytics_fc.stg_tm_trophies: Close
[0m16:23:55.145751 [debug] [Thread-1 (]: Sending event: {'category': 'dbt', 'action': 'run_model', 'label': '3f7e4f9e-e917-4d27-9fbf-6628efd1e1ab', 'context': [<snowplow_tracker.self_describing_json.SelfDescribingJson object at 0x00000240BF4D4230>]}
[0m16:23:55.146225 [info ] [Thread-1 (]: 3 of 4 OK created sql view model main.stg_tm_trophies .......................... [[32mOK[0m in 0.02s]
[0m16:23:55.146669 [debug] [Thread-1 (]: Finished running node model.analytics_fc.stg_tm_trophies
[0m16:23:55.146978 [debug] [Thread-1 (]: Began running node model.analytics_fc.mart_scdi_overall
[0m16:23:55.147375 [info ] [Thread-1 (]: 4 of 4 START sql table model main.mart_scdi_overall ............................ [RUN]
[0m16:23:55.147740 [debug] [Thread-1 (]: Re-using an available connection from the pool (formerly model.analytics_fc.stg_tm_trophies, now model.analytics_fc.mart_scdi_overall)
[0m16:23:55.147989 [debug] [Thread-1 (]: Began compiling node model.analytics_fc.mart_scdi_overall
[0m16:23:55.149577 [debug] [Thread-1 (]: Writing injected SQL for node "model.analytics_fc.mart_scdi_overall"
[0m16:23:55.150302 [debug] [Thread-1 (]: Began executing node model.analytics_fc.mart_scdi_overall
[0m16:23:55.177553 [debug] [Thread-1 (]: Writing runtime sql for node "model.analytics_fc.mart_scdi_overall"
[0m16:23:55.178572 [debug] [Thread-1 (]: Using duckdb connection "model.analytics_fc.mart_scdi_overall"
[0m16:23:55.178885 [debug] [Thread-1 (]: On model.analytics_fc.mart_scdi_overall: BEGIN
[0m16:23:55.179117 [debug] [Thread-1 (]: Opening a new connection, currently in state closed
[0m16:23:55.179730 [debug] [Thread-1 (]: SQL status: OK in 0.001 seconds
[0m16:23:55.180030 [debug] [Thread-1 (]: Using duckdb connection "model.analytics_fc.mart_scdi_overall"
[0m16:23:55.180320 [debug] [Thread-1 (]: On model.analytics_fc.mart_scdi_overall: /* {"app": "dbt", "dbt_version": "1.12.5", "profile_name": "analytics_fc", "target_name": "dev", "node_id": "model.analytics_fc.mart_scdi_overall"} */

    

    create  table
      "analytics_fc"."main"."mart_scdi_overall__dbt_tmp"
  
    
    as (
      ﻿-- Level 1: Single Correlating Dyadic Index (SCDI)
-- This model finds pairs of players whose 'overall' rating trajectories 
-- highly correlate during their developmental years (ages 18 to 21).

WITH base AS (
    SELECT 
        player_id, 
        short_name,
        age, 
        overall
    FROM "analytics_fc"."main"."stg_fifatable"
    WHERE age BETWEEN 18 AND 21
),

-- Ensure we only compare players who actually have data for all 4 years in this window
complete_trajectories AS (
    SELECT player_id
    FROM base
    GROUP BY player_id
    HAVING COUNT(*) = 4
),

filtered_base AS (
    SELECT b.*
    FROM base b
    INNER JOIN complete_trajectories ct ON b.player_id = ct.player_id
),

-- Join every player with every other player based on the same age
trajectory_pairs AS (
    SELECT 
        a.player_id AS player_a_id,
        a.short_name AS player_a_name,
        b.player_id AS player_b_id,
        b.short_name AS player_b_name,
        a.age,
        a.overall AS overall_a,
        b.overall AS overall_b
    FROM filtered_base a
    INNER JOIN filtered_base b ON a.age = b.age
    WHERE a.player_id < b.player_id -- ensures we don't compare A to A, or do A->B and B->A
)

-- Calculate the Pearson Correlation (SCDI) for the trajectory
SELECT 
    player_a_id,
    player_a_name,
    player_b_id,
    player_b_name,
    CORR(overall_a, overall_b) AS scdi_score
FROM trajectory_pairs
GROUP BY 
    player_a_id, player_a_name, player_b_id, player_b_name
-- Filter for only highly correlated pairs (the "gems")
HAVING CORR(overall_a, overall_b) >= 0.85
    );
    
  
[0m16:23:55.203549 [debug] [Thread-1 (]: DuckDB adapter: duckdb error: Conversion Error: Could not convert string 'NA' to INT32 when casting from source column age

LINE 12: -- highly correlate during their developmental years (ages...
            ^
[0m16:23:55.204016 [debug] [Thread-1 (]: DuckDB adapter: Error running SQL: /* {"app": "dbt", "dbt_version": "1.12.5", "profile_name": "analytics_fc", "target_name": "dev", "node_id": "model.analytics_fc.mart_scdi_overall"} */

    

    create  table
      "analytics_fc"."main"."mart_scdi_overall__dbt_tmp"
  
    
    as (
      ﻿-- Level 1: Single Correlating Dyadic Index (SCDI)
-- This model finds pairs of players whose 'overall' rating trajectories 
-- highly correlate during their developmental years (ages 18 to 21).

WITH base AS (
    SELECT 
        player_id, 
        short_name,
        age, 
        overall
    FROM "analytics_fc"."main"."stg_fifatable"
    WHERE age BETWEEN 18 AND 21
),

-- Ensure we only compare players who actually have data for all 4 years in this window
complete_trajectories AS (
    SELECT player_id
    FROM base
    GROUP BY player_id
    HAVING COUNT(*) = 4
),

filtered_base AS (
    SELECT b.*
    FROM base b
    INNER JOIN complete_trajectories ct ON b.player_id = ct.player_id
),

-- Join every player with every other player based on the same age
trajectory_pairs AS (
    SELECT 
        a.player_id AS player_a_id,
        a.short_name AS player_a_name,
        b.player_id AS player_b_id,
        b.short_name AS player_b_name,
        a.age,
        a.overall AS overall_a,
        b.overall AS overall_b
    FROM filtered_base a
    INNER JOIN filtered_base b ON a.age = b.age
    WHERE a.player_id < b.player_id -- ensures we don't compare A to A, or do A->B and B->A
)

-- Calculate the Pearson Correlation (SCDI) for the trajectory
SELECT 
    player_a_id,
    player_a_name,
    player_b_id,
    player_b_name,
    CORR(overall_a, overall_b) AS scdi_score
FROM trajectory_pairs
GROUP BY 
    player_a_id, player_a_name, player_b_id, player_b_name
-- Filter for only highly correlated pairs (the "gems")
HAVING CORR(overall_a, overall_b) >= 0.85
    );
    
  
[0m16:23:55.204331 [debug] [Thread-1 (]: DuckDB adapter: Rolling back transaction.
[0m16:23:55.204566 [debug] [Thread-1 (]: On model.analytics_fc.mart_scdi_overall: ROLLBACK
[0m16:23:55.205193 [debug] [Thread-1 (]: On model.analytics_fc.mart_scdi_overall: Close
[0m16:23:55.210187 [debug] [Thread-1 (]: Runtime Error in model mart_scdi_overall (models\marts\cascade\mart_scdi_overall.sql)
  Conversion Error: Could not convert string 'NA' to INT32 when casting from source column age
  
  LINE 12: -- highly correlate during their developmental years (ages...
              ^
[0m16:23:55.210695 [debug] [Thread-1 (]: Sending event: {'category': 'dbt', 'action': 'run_model', 'label': '3f7e4f9e-e917-4d27-9fbf-6628efd1e1ab', 'context': [<snowplow_tracker.self_describing_json.SelfDescribingJson object at 0x00000240BEE5DFD0>]}
[0m16:23:55.211342 [error] [Thread-1 (]: 4 of 4 ERROR creating sql table model main.mart_scdi_overall ................... [[31mERROR[0m in 0.06s]
[0m16:23:55.211940 [debug] [Thread-1 (]: Finished running node model.analytics_fc.mart_scdi_overall
[0m16:23:55.212449 [debug] [Thread-4 (]: Marking all children of 'model.analytics_fc.mart_scdi_overall' to be skipped because of status 'error'.  Reason: Runtime Error in model mart_scdi_overall (models\marts\cascade\mart_scdi_overall.sql)
  Conversion Error: Could not convert string 'NA' to INT32 when casting from source column age
  
  LINE 12: -- highly correlate during their developmental years (ages...
              ^.
[0m16:23:55.214184 [debug] [MainThread]: Using duckdb connection "master"
[0m16:23:55.214511 [debug] [MainThread]: On master: BEGIN
[0m16:23:55.214750 [debug] [MainThread]: Opening a new connection, currently in state closed
[0m16:23:55.215245 [debug] [MainThread]: SQL status: OK in 0.000 seconds
[0m16:23:55.215580 [debug] [MainThread]: On master: COMMIT
[0m16:23:55.215788 [debug] [MainThread]: Using duckdb connection "master"
[0m16:23:55.215972 [debug] [MainThread]: On master: COMMIT
[0m16:23:55.216379 [debug] [MainThread]: SQL status: OK in 0.000 seconds
[0m16:23:55.216769 [debug] [MainThread]: On master: Close
[0m16:23:55.217156 [debug] [MainThread]: Connection 'master' was properly closed.
[0m16:23:55.217356 [debug] [MainThread]: Connection 'create_analytics_fc_main' was properly closed.
[0m16:23:55.217521 [debug] [MainThread]: Connection 'list_analytics_fc_main' was properly closed.
[0m16:23:55.217695 [debug] [MainThread]: Connection 'model.analytics_fc.mart_scdi_overall' was properly closed.
[0m16:23:55.217958 [info ] [MainThread]: 
[0m16:23:55.218229 [info ] [MainThread]: Finished running 1 table model, 3 view models in 0 hours 0 minutes and 0.28 seconds (0.28s).
[0m16:23:55.219026 [debug] [MainThread]: Command end result
[0m16:23:55.243238 [debug] [MainThread]: Wrote artifact WritableManifest to C:\Users\AminE\Documents\Fifa Project\analytics-fc\dbt_project\target\manifest.json
[0m16:23:55.246295 [debug] [MainThread]: Wrote artifact SemanticManifest to C:\Users\AminE\Documents\Fifa Project\analytics-fc\dbt_project\target\semantic_manifest.json
[0m16:23:55.248769 [debug] [MainThread]: Wrote artifact OsiDocument to C:\Users\AminE\Documents\Fifa Project\analytics-fc\dbt_project\target\osi_document.json
[0m16:23:55.254677 [debug] [MainThread]: Wrote artifact RunExecutionResult to C:\Users\AminE\Documents\Fifa Project\analytics-fc\dbt_project\target\run_results.json
[0m16:23:55.254972 [info ] [MainThread]: 
[0m16:23:55.255253 [info ] [MainThread]: [31mCompleted with 1 error, 0 partial successes, and 0 warnings:[0m
[0m16:23:55.255479 [info ] [MainThread]: 
[0m16:23:55.255727 [error] [MainThread]: [[31mERROR[0m]: in model mart_scdi_overall (models\marts\cascade\mart_scdi_overall.sql)
[0m16:23:55.255977 [error] [MainThread]:   Runtime Error in model mart_scdi_overall (models\marts\cascade\mart_scdi_overall.sql)
  Conversion Error: Could not convert string 'NA' to INT32 when casting from source column age
  
  LINE 12: -- highly correlate during their developmental years (ages...
              ^
[0m16:23:55.256169 [info ] [MainThread]: 
[0m16:23:55.256389 [info ] [MainThread]:   compiled code at target\compiled\analytics_fc\models\marts\cascade\mart_scdi_overall.sql
[0m16:23:55.256647 [info ] [MainThread]: 
[0m16:23:55.256884 [info ] [MainThread]: Done. PASS=3 WARN=0 ERROR=1 SKIP=0 NO-OP=0 REUSED=0 TOTAL=4
[0m16:23:55.257923 [debug] [MainThread]: Command `dbt run` failed at 16:23:55.257798 after 1.41 seconds
[0m16:23:55.258261 [debug] [MainThread]: Sending event: {'category': 'dbt', 'action': 'invocation', 'label': 'end', 'context': [<snowplow_tracker.self_describing_json.SelfDescribingJson object at 0x00000240BE833A80>, <snowplow_tracker.self_describing_json.SelfDescribingJson object at 0x00000240BE5E7070>, <snowplow_tracker.self_describing_json.SelfDescribingJson object at 0x00000240BE7ED190>]}
[0m16:23:55.258548 [debug] [MainThread]: Flushing usage events
[0m16:23:56.039656 [debug] [MainThread]: An error was encountered while trying to flush usage events
[0m16:24:14.723836 [debug] [MainThread]: Sending event: {'category': 'dbt', 'action': 'invocation', 'label': 'start', 'context': [<snowplow_tracker.self_describing_json.SelfDescribingJson object at 0x0000024F7E3B6660>, <snowplow_tracker.self_describing_json.SelfDescribingJson object at 0x0000024F7FA5FED0>, <snowplow_tracker.self_describing_json.SelfDescribingJson object at 0x0000024F7FA5FC50>]}


============================== 16:24:14.728241 | 7e7c56b6-fdbf-46bb-b392-57ad1f5d5fda ==============================
[0m16:24:14.728241 [info ] [MainThread]: Running with dbt=1.12.5
[0m16:24:14.728754 [debug] [MainThread]: running dbt with arguments {'version_check': 'True', 'no_print': 'None', 'maximum_seed_size_mib': '1', 'target_path': 'None', 'static_parser': 'True', 'warn_error_options': 'WarnErrorOptionsV2(error=[], warn=[], silence=[])', 'printer_width': '80', 'write_json': 'True', 'introspect': 'True', 'log_cache_events': 'False', 'empty': 'False', 'cache_selected_only': 'False', 'log_format': 'default', 'debug': 'False', 'fail_fast': 'False', 'partial_parse': 'True', 'send_anonymous_usage_stats': 'True', 'quiet': 'False', 'warn_error': 'None', 'profiles_dir': 'C:\\Users\\AminE\\Documents\\Fifa Project\\analytics-fc\\dbt_project', 'indirect_selection': 'eager', 'hints_enabled': 'True', 'use_colors': 'True', 'use_experimental_parser': 'False', 'invocation_command': 'dbt run', 'log_path': 'C:\\Users\\AminE\\Documents\\Fifa Project\\analytics-fc\\dbt_project\\logs'}
[0m16:24:14.911669 [debug] [MainThread]: Sending event: {'category': 'dbt', 'action': 'project_id', 'label': '7e7c56b6-fdbf-46bb-b392-57ad1f5d5fda', 'context': [<snowplow_tracker.self_describing_json.SelfDescribingJson object at 0x0000024F7E8FE8B0>]}
[0m16:24:14.960817 [debug] [MainThread]: Sending event: {'category': 'dbt', 'action': 'adapter_info', 'label': '7e7c56b6-fdbf-46bb-b392-57ad1f5d5fda', 'context': [<snowplow_tracker.self_describing_json.SelfDescribingJson object at 0x0000024F7CA84160>]}
[0m16:24:14.963492 [info ] [MainThread]: Registered adapter: duckdb=1.11.0
[0m16:24:15.080360 [debug] [MainThread]: checksum: 7119ea9ea0a8c0e9670f38f33f87c32becf9f2d7f739bdc9a20c0de7769a393a, vars: {}, profile: analytics_fc, target: dev, version: 1.12.5
[0m16:24:15.250937 [debug] [MainThread]: Partial parsing enabled: 0 files deleted, 0 files added, 1 files changed.
[0m16:24:15.251445 [debug] [MainThread]: Partial parsing: updated file: analytics_fc://models\staging\stg_fifatable.sql
[0m16:24:15.470321 [debug] [MainThread]: Sending event: {'category': 'dbt', 'action': 'load_project', 'label': '7e7c56b6-fdbf-46bb-b392-57ad1f5d5fda', 'context': [<snowplow_tracker.self_describing_json.SelfDescribingJson object at 0x0000024F01214F50>]}
[0m16:24:15.535640 [debug] [MainThread]: Wrote artifact WritableManifest to C:\Users\AminE\Documents\Fifa Project\analytics-fc\dbt_project\target\manifest.json
[0m16:24:15.538213 [debug] [MainThread]: Wrote artifact SemanticManifest to C:\Users\AminE\Documents\Fifa Project\analytics-fc\dbt_project\target\semantic_manifest.json
[0m16:24:15.557041 [debug] [MainThread]: Wrote artifact OsiDocument to C:\Users\AminE\Documents\Fifa Project\analytics-fc\dbt_project\target\osi_document.json
[0m16:24:15.568997 [debug] [MainThread]: Sending event: {'category': 'dbt', 'action': 'resource_counts', 'label': '7e7c56b6-fdbf-46bb-b392-57ad1f5d5fda', 'context': [<snowplow_tracker.self_describing_json.SelfDescribingJson object at 0x0000024F012B6C60>]}
[0m16:24:15.569423 [info ] [MainThread]: Found 4 models, 3 sources, 500 macros
[0m16:24:15.569711 [debug] [MainThread]: Sending event: {'category': 'dbt', 'action': 'runnable_timing', 'label': '7e7c56b6-fdbf-46bb-b392-57ad1f5d5fda', 'context': [<snowplow_tracker.self_describing_json.SelfDescribingJson object at 0x0000024F0131E270>]}
[0m16:24:15.571213 [info ] [MainThread]: 
[0m16:24:15.571511 [info ] [MainThread]: Concurrency: 1 threads (target='dev')
[0m16:24:15.571719 [info ] [MainThread]: 
[0m16:24:15.572131 [debug] [MainThread]: Acquiring new duckdb connection 'master'
[0m16:24:15.576155 [debug] [ThreadPool]: Acquiring new duckdb connection 'list_analytics_fc'
[0m16:24:15.613899 [debug] [ThreadPool]: Using duckdb connection "list_analytics_fc"
[0m16:24:15.614249 [debug] [ThreadPool]: On list_analytics_fc: /* {"app": "dbt", "dbt_version": "1.12.5", "profile_name": "analytics_fc", "target_name": "dev", "connection_name": "list_analytics_fc"} */

    
    select schema_name
    from system.information_schema.schemata
    
    where lower(catalog_name) = '"analytics_fc"'
    
  
  
[0m16:24:15.614473 [debug] [ThreadPool]: Opening a new connection, currently in state init
[0m16:24:15.639567 [debug] [ThreadPool]: SQL status: OK in 0.025 seconds
[0m16:24:15.640661 [debug] [ThreadPool]: On list_analytics_fc: Close
[0m16:24:15.641333 [debug] [ThreadPool]: Re-using an available connection from the pool (formerly list_analytics_fc, now create_analytics_fc_main)
[0m16:24:15.641734 [debug] [ThreadPool]: Creating schema "database: "analytics_fc"
schema: "main"
"
[0m16:24:15.646623 [debug] [ThreadPool]: Using duckdb connection "create_analytics_fc_main"
[0m16:24:15.646879 [debug] [ThreadPool]: On create_analytics_fc_main: /* {"app": "dbt", "dbt_version": "1.12.5", "profile_name": "analytics_fc", "target_name": "dev", "connection_name": "create_analytics_fc_main"} */

    
        select type from duckdb_databases()
        where lower(database_name)='analytics_fc'
        and type != 'duckdb'
    
  
[0m16:24:15.647073 [debug] [ThreadPool]: Opening a new connection, currently in state closed
[0m16:24:15.647793 [debug] [ThreadPool]: SQL status: OK in 0.001 seconds
[0m16:24:15.648605 [debug] [ThreadPool]: Using duckdb connection "create_analytics_fc_main"
[0m16:24:15.648828 [debug] [ThreadPool]: On create_analytics_fc_main: BEGIN
[0m16:24:15.649165 [debug] [ThreadPool]: SQL status: OK in 0.000 seconds
[0m16:24:15.649371 [debug] [ThreadPool]: Using duckdb connection "create_analytics_fc_main"
[0m16:24:15.649539 [debug] [ThreadPool]: On create_analytics_fc_main: /* {"app": "dbt", "dbt_version": "1.12.5", "profile_name": "analytics_fc", "target_name": "dev", "connection_name": "create_analytics_fc_main"} */

    
    
        create schema if not exists "analytics_fc"."main"
    
[0m16:24:15.649875 [debug] [ThreadPool]: SQL status: OK in 0.000 seconds
[0m16:24:15.650412 [debug] [ThreadPool]: On create_analytics_fc_main: COMMIT
[0m16:24:15.650625 [debug] [ThreadPool]: Using duckdb connection "create_analytics_fc_main"
[0m16:24:15.650815 [debug] [ThreadPool]: On create_analytics_fc_main: COMMIT
[0m16:24:15.651139 [debug] [ThreadPool]: SQL status: OK in 0.000 seconds
[0m16:24:15.651333 [debug] [ThreadPool]: On create_analytics_fc_main: Close
[0m16:24:15.652529 [debug] [ThreadPool]: Acquiring new duckdb connection 'list_analytics_fc_main'
[0m16:24:15.655638 [debug] [ThreadPool]: Using duckdb connection "list_analytics_fc_main"
[0m16:24:15.655853 [debug] [ThreadPool]: On list_analytics_fc_main: BEGIN
[0m16:24:15.656049 [debug] [ThreadPool]: Opening a new connection, currently in state init
[0m16:24:15.656421 [debug] [ThreadPool]: SQL status: OK in 0.000 seconds
[0m16:24:15.656684 [debug] [ThreadPool]: Using duckdb connection "list_analytics_fc_main"
[0m16:24:15.656869 [debug] [ThreadPool]: On list_analytics_fc_main: /* {"app": "dbt", "dbt_version": "1.12.5", "profile_name": "analytics_fc", "target_name": "dev", "connection_name": "list_analytics_fc_main"} */
select
      'analytics_fc' as database,
      table_name as name,
      table_schema as schema,
      CASE table_type
        WHEN 'BASE TABLE' THEN 'table'
        WHEN 'VIEW' THEN 'view'
        WHEN 'LOCAL TEMPORARY' THEN 'table'
        END as type
    from system.information_schema.tables
    where lower(table_schema) = 'main'
    and lower(table_catalog) = 'analytics_fc'
  
[0m16:24:15.659552 [debug] [ThreadPool]: SQL status: OK in 0.002 seconds
[0m16:24:15.660472 [debug] [ThreadPool]: On list_analytics_fc_main: ROLLBACK
[0m16:24:15.660882 [debug] [ThreadPool]: On list_analytics_fc_main: Close
[0m16:24:15.662070 [debug] [MainThread]: Sending event: {'category': 'dbt', 'action': 'runnable_timing', 'label': '7e7c56b6-fdbf-46bb-b392-57ad1f5d5fda', 'context': [<snowplow_tracker.self_describing_json.SelfDescribingJson object at 0x0000024F01553520>]}
[0m16:24:15.662400 [debug] [MainThread]: Using duckdb connection "master"
[0m16:24:15.662612 [debug] [MainThread]: On master: BEGIN
[0m16:24:15.662784 [debug] [MainThread]: Opening a new connection, currently in state init
[0m16:24:15.663154 [debug] [MainThread]: SQL status: OK in 0.000 seconds
[0m16:24:15.663384 [debug] [MainThread]: On master: COMMIT
[0m16:24:15.663571 [debug] [MainThread]: Using duckdb connection "master"
[0m16:24:15.663731 [debug] [MainThread]: On master: COMMIT
[0m16:24:15.664123 [debug] [MainThread]: SQL status: OK in 0.000 seconds
[0m16:24:15.664428 [debug] [MainThread]: On master: Close
[0m16:24:15.667098 [debug] [Thread-1 (]: Began running node model.analytics_fc.stg_fifatable
[0m16:24:15.667520 [info ] [Thread-1 (]: 1 of 4 START sql view model main.stg_fifatable ................................. [RUN]
[0m16:24:15.667945 [debug] [Thread-1 (]: Acquiring new duckdb connection 'model.analytics_fc.stg_fifatable'
[0m16:24:15.668169 [debug] [Thread-1 (]: Began compiling node model.analytics_fc.stg_fifatable
[0m16:24:15.672561 [debug] [Thread-1 (]: Writing injected SQL for node "model.analytics_fc.stg_fifatable"
[0m16:24:15.673354 [debug] [Thread-1 (]: Began executing node model.analytics_fc.stg_fifatable
[0m16:24:15.694359 [debug] [Thread-1 (]: Writing runtime sql for node "model.analytics_fc.stg_fifatable"
[0m16:24:15.695202 [debug] [Thread-1 (]: Using duckdb connection "model.analytics_fc.stg_fifatable"
[0m16:24:15.695482 [debug] [Thread-1 (]: On model.analytics_fc.stg_fifatable: BEGIN
[0m16:24:15.695698 [debug] [Thread-1 (]: Opening a new connection, currently in state init
[0m16:24:15.696384 [debug] [Thread-1 (]: SQL status: OK in 0.001 seconds
[0m16:24:15.696647 [debug] [Thread-1 (]: Using duckdb connection "model.analytics_fc.stg_fifatable"
[0m16:24:15.696870 [debug] [Thread-1 (]: On model.analytics_fc.stg_fifatable: /* {"app": "dbt", "dbt_version": "1.12.5", "profile_name": "analytics_fc", "target_name": "dev", "node_id": "model.analytics_fc.stg_fifatable"} */

  
  create view "analytics_fc"."main"."stg_fifatable__dbt_tmp" as (
    ﻿WITH source AS (
    SELECT * FROM "analytics_fc"."raw"."fifatable"
),

renamed AS (
    SELECT
        player_id,
        Fifa_year AS fifa_edition_year,
        TRY_CAST(age AS INTEGER) AS age,
        short_name,
        long_name,
        nationality,
        club,
        position,
        TRY_CAST(overall AS INTEGER) AS overall,
        TRY_CAST(max_potential AS INTEGER) AS max_potential
    FROM source
)

SELECT * FROM renamed
  );

[0m16:24:15.697771 [debug] [Thread-1 (]: SQL status: OK in 0.001 seconds
[0m16:24:15.701404 [debug] [Thread-1 (]: Using duckdb connection "model.analytics_fc.stg_fifatable"
[0m16:24:15.701673 [debug] [Thread-1 (]: On model.analytics_fc.stg_fifatable: /* {"app": "dbt", "dbt_version": "1.12.5", "profile_name": "analytics_fc", "target_name": "dev", "node_id": "model.analytics_fc.stg_fifatable"} */
alter view "analytics_fc"."main"."stg_fifatable" rename to "stg_fifatable__dbt_backup"
[0m16:24:15.702196 [debug] [Thread-1 (]: SQL status: OK in 0.000 seconds
[0m16:24:15.703665 [debug] [Thread-1 (]: Using duckdb connection "model.analytics_fc.stg_fifatable"
[0m16:24:15.703894 [debug] [Thread-1 (]: On model.analytics_fc.stg_fifatable: /* {"app": "dbt", "dbt_version": "1.12.5", "profile_name": "analytics_fc", "target_name": "dev", "node_id": "model.analytics_fc.stg_fifatable"} */
alter view "analytics_fc"."main"."stg_fifatable__dbt_tmp" rename to "stg_fifatable"
[0m16:24:15.704306 [debug] [Thread-1 (]: SQL status: OK in 0.000 seconds
[0m16:24:15.712936 [debug] [Thread-1 (]: On model.analytics_fc.stg_fifatable: COMMIT
[0m16:24:15.713283 [debug] [Thread-1 (]: Using duckdb connection "model.analytics_fc.stg_fifatable"
[0m16:24:15.713526 [debug] [Thread-1 (]: On model.analytics_fc.stg_fifatable: COMMIT
[0m16:24:15.715757 [debug] [Thread-1 (]: SQL status: OK in 0.002 seconds
[0m16:24:15.719025 [debug] [Thread-1 (]: Using duckdb connection "model.analytics_fc.stg_fifatable"
[0m16:24:15.719262 [debug] [Thread-1 (]: On model.analytics_fc.stg_fifatable: /* {"app": "dbt", "dbt_version": "1.12.5", "profile_name": "analytics_fc", "target_name": "dev", "node_id": "model.analytics_fc.stg_fifatable"} */

      drop view if exists "analytics_fc"."main"."stg_fifatable__dbt_backup" cascade
    
[0m16:24:15.720753 [debug] [Thread-1 (]: SQL status: OK in 0.001 seconds
[0m16:24:15.722496 [debug] [Thread-1 (]: On model.analytics_fc.stg_fifatable: Close
[0m16:24:15.724128 [debug] [Thread-1 (]: Sending event: {'category': 'dbt', 'action': 'run_model', 'label': '7e7c56b6-fdbf-46bb-b392-57ad1f5d5fda', 'context': [<snowplow_tracker.self_describing_json.SelfDescribingJson object at 0x0000024F016EC4D0>]}
[0m16:24:15.724590 [info ] [Thread-1 (]: 1 of 4 OK created sql view model main.stg_fifatable ............................ [[32mOK[0m in 0.06s]
[0m16:24:15.724999 [debug] [Thread-1 (]: Finished running node model.analytics_fc.stg_fifatable
[0m16:24:15.725267 [debug] [Thread-1 (]: Began running node model.analytics_fc.stg_tm_stats
[0m16:24:15.725737 [info ] [Thread-1 (]: 2 of 4 START sql view model main.stg_tm_stats .................................. [RUN]
[0m16:24:15.726215 [debug] [Thread-1 (]: Re-using an available connection from the pool (formerly model.analytics_fc.stg_fifatable, now model.analytics_fc.stg_tm_stats)
[0m16:24:15.726600 [debug] [Thread-1 (]: Began compiling node model.analytics_fc.stg_tm_stats
[0m16:24:15.728004 [debug] [Thread-1 (]: Writing injected SQL for node "model.analytics_fc.stg_tm_stats"
[0m16:24:15.728695 [debug] [Thread-1 (]: Began executing node model.analytics_fc.stg_tm_stats
[0m16:24:15.731034 [debug] [Thread-1 (]: Writing runtime sql for node "model.analytics_fc.stg_tm_stats"
[0m16:24:15.731733 [debug] [Thread-1 (]: Using duckdb connection "model.analytics_fc.stg_tm_stats"
[0m16:24:15.731980 [debug] [Thread-1 (]: On model.analytics_fc.stg_tm_stats: BEGIN
[0m16:24:15.732183 [debug] [Thread-1 (]: Opening a new connection, currently in state closed
[0m16:24:15.732678 [debug] [Thread-1 (]: SQL status: OK in 0.000 seconds
[0m16:24:15.732979 [debug] [Thread-1 (]: Using duckdb connection "model.analytics_fc.stg_tm_stats"
[0m16:24:15.733240 [debug] [Thread-1 (]: On model.analytics_fc.stg_tm_stats: /* {"app": "dbt", "dbt_version": "1.12.5", "profile_name": "analytics_fc", "target_name": "dev", "node_id": "model.analytics_fc.stg_tm_stats"} */

  
  create view "analytics_fc"."main"."stg_tm_stats__dbt_tmp" as (
    ﻿WITH source AS (
    SELECT * FROM "analytics_fc"."raw"."tm_stats"
),

renamed AS (
    SELECT
        FifaIndex AS fifa_index,
        short_name,
        competition,
        club,
        games_played,
        goals,
        assists,
        minutes
    FROM source
)

SELECT * FROM renamed
  );

[0m16:24:15.734029 [debug] [Thread-1 (]: SQL status: OK in 0.001 seconds
[0m16:24:15.735736 [debug] [Thread-1 (]: Using duckdb connection "model.analytics_fc.stg_tm_stats"
[0m16:24:15.735988 [debug] [Thread-1 (]: On model.analytics_fc.stg_tm_stats: /* {"app": "dbt", "dbt_version": "1.12.5", "profile_name": "analytics_fc", "target_name": "dev", "node_id": "model.analytics_fc.stg_tm_stats"} */
alter view "analytics_fc"."main"."stg_tm_stats" rename to "stg_tm_stats__dbt_backup"
[0m16:24:15.736542 [debug] [Thread-1 (]: SQL status: OK in 0.000 seconds
[0m16:24:15.737996 [debug] [Thread-1 (]: Using duckdb connection "model.analytics_fc.stg_tm_stats"
[0m16:24:15.738234 [debug] [Thread-1 (]: On model.analytics_fc.stg_tm_stats: /* {"app": "dbt", "dbt_version": "1.12.5", "profile_name": "analytics_fc", "target_name": "dev", "node_id": "model.analytics_fc.stg_tm_stats"} */
alter view "analytics_fc"."main"."stg_tm_stats__dbt_tmp" rename to "stg_tm_stats"
[0m16:24:15.738728 [debug] [Thread-1 (]: SQL status: OK in 0.000 seconds
[0m16:24:15.739788 [debug] [Thread-1 (]: On model.analytics_fc.stg_tm_stats: COMMIT
[0m16:24:15.740020 [debug] [Thread-1 (]: Using duckdb connection "model.analytics_fc.stg_tm_stats"
[0m16:24:15.740214 [debug] [Thread-1 (]: On model.analytics_fc.stg_tm_stats: COMMIT
[0m16:24:15.741954 [debug] [Thread-1 (]: SQL status: OK in 0.001 seconds
[0m16:24:15.743286 [debug] [Thread-1 (]: Using duckdb connection "model.analytics_fc.stg_tm_stats"
[0m16:24:15.743527 [debug] [Thread-1 (]: On model.analytics_fc.stg_tm_stats: /* {"app": "dbt", "dbt_version": "1.12.5", "profile_name": "analytics_fc", "target_name": "dev", "node_id": "model.analytics_fc.stg_tm_stats"} */

      drop view if exists "analytics_fc"."main"."stg_tm_stats__dbt_backup" cascade
    
[0m16:24:15.744736 [debug] [Thread-1 (]: SQL status: OK in 0.001 seconds
[0m16:24:15.745661 [debug] [Thread-1 (]: On model.analytics_fc.stg_tm_stats: Close
[0m16:24:15.746145 [debug] [Thread-1 (]: Sending event: {'category': 'dbt', 'action': 'run_model', 'label': '7e7c56b6-fdbf-46bb-b392-57ad1f5d5fda', 'context': [<snowplow_tracker.self_describing_json.SelfDescribingJson object at 0x0000024F0136E8E0>]}
[0m16:24:15.746592 [info ] [Thread-1 (]: 2 of 4 OK created sql view model main.stg_tm_stats ............................. [[32mOK[0m in 0.02s]
[0m16:24:15.747014 [debug] [Thread-1 (]: Finished running node model.analytics_fc.stg_tm_stats
[0m16:24:15.747274 [debug] [Thread-1 (]: Began running node model.analytics_fc.stg_tm_trophies
[0m16:24:15.747583 [info ] [Thread-1 (]: 3 of 4 START sql view model main.stg_tm_trophies ............................... [RUN]
[0m16:24:15.748037 [debug] [Thread-1 (]: Re-using an available connection from the pool (formerly model.analytics_fc.stg_tm_stats, now model.analytics_fc.stg_tm_trophies)
[0m16:24:15.748376 [debug] [Thread-1 (]: Began compiling node model.analytics_fc.stg_tm_trophies
[0m16:24:15.749901 [debug] [Thread-1 (]: Writing injected SQL for node "model.analytics_fc.stg_tm_trophies"
[0m16:24:15.750628 [debug] [Thread-1 (]: Began executing node model.analytics_fc.stg_tm_trophies
[0m16:24:15.753046 [debug] [Thread-1 (]: Writing runtime sql for node "model.analytics_fc.stg_tm_trophies"
[0m16:24:15.753847 [debug] [Thread-1 (]: Using duckdb connection "model.analytics_fc.stg_tm_trophies"
[0m16:24:15.754126 [debug] [Thread-1 (]: On model.analytics_fc.stg_tm_trophies: BEGIN
[0m16:24:15.754359 [debug] [Thread-1 (]: Opening a new connection, currently in state closed
[0m16:24:15.754942 [debug] [Thread-1 (]: SQL status: OK in 0.001 seconds
[0m16:24:15.755189 [debug] [Thread-1 (]: Using duckdb connection "model.analytics_fc.stg_tm_trophies"
[0m16:24:15.755411 [debug] [Thread-1 (]: On model.analytics_fc.stg_tm_trophies: /* {"app": "dbt", "dbt_version": "1.12.5", "profile_name": "analytics_fc", "target_name": "dev", "node_id": "model.analytics_fc.stg_tm_trophies"} */

  
  create view "analytics_fc"."main"."stg_tm_trophies__dbt_tmp" as (
    ﻿WITH source AS (
    SELECT * FROM "analytics_fc"."raw"."tm_trophies"
),

renamed AS (
    SELECT
        short_name,
        club,
        team_trophy,
        individual_trophy,
        trophy,
        year AS trophy_year
    FROM source
)

SELECT * FROM renamed
  );

[0m16:24:15.756133 [debug] [Thread-1 (]: SQL status: OK in 0.000 seconds
[0m16:24:15.757781 [debug] [Thread-1 (]: Using duckdb connection "model.analytics_fc.stg_tm_trophies"
[0m16:24:15.758033 [debug] [Thread-1 (]: On model.analytics_fc.stg_tm_trophies: /* {"app": "dbt", "dbt_version": "1.12.5", "profile_name": "analytics_fc", "target_name": "dev", "node_id": "model.analytics_fc.stg_tm_trophies"} */
alter view "analytics_fc"."main"."stg_tm_trophies" rename to "stg_tm_trophies__dbt_backup"
[0m16:24:15.758552 [debug] [Thread-1 (]: SQL status: OK in 0.000 seconds
[0m16:24:15.759983 [debug] [Thread-1 (]: Using duckdb connection "model.analytics_fc.stg_tm_trophies"
[0m16:24:15.760266 [debug] [Thread-1 (]: On model.analytics_fc.stg_tm_trophies: /* {"app": "dbt", "dbt_version": "1.12.5", "profile_name": "analytics_fc", "target_name": "dev", "node_id": "model.analytics_fc.stg_tm_trophies"} */
alter view "analytics_fc"."main"."stg_tm_trophies__dbt_tmp" rename to "stg_tm_trophies"
[0m16:24:15.760731 [debug] [Thread-1 (]: SQL status: OK in 0.000 seconds
[0m16:24:15.761908 [debug] [Thread-1 (]: On model.analytics_fc.stg_tm_trophies: COMMIT
[0m16:24:15.762175 [debug] [Thread-1 (]: Using duckdb connection "model.analytics_fc.stg_tm_trophies"
[0m16:24:15.762397 [debug] [Thread-1 (]: On model.analytics_fc.stg_tm_trophies: COMMIT
[0m16:24:15.763943 [debug] [Thread-1 (]: SQL status: OK in 0.001 seconds
[0m16:24:15.765223 [debug] [Thread-1 (]: Using duckdb connection "model.analytics_fc.stg_tm_trophies"
[0m16:24:15.765480 [debug] [Thread-1 (]: On model.analytics_fc.stg_tm_trophies: /* {"app": "dbt", "dbt_version": "1.12.5", "profile_name": "analytics_fc", "target_name": "dev", "node_id": "model.analytics_fc.stg_tm_trophies"} */

      drop view if exists "analytics_fc"."main"."stg_tm_trophies__dbt_backup" cascade
    
[0m16:24:15.766598 [debug] [Thread-1 (]: SQL status: OK in 0.001 seconds
[0m16:24:15.767619 [debug] [Thread-1 (]: On model.analytics_fc.stg_tm_trophies: Close
[0m16:24:15.768051 [debug] [Thread-1 (]: Sending event: {'category': 'dbt', 'action': 'run_model', 'label': '7e7c56b6-fdbf-46bb-b392-57ad1f5d5fda', 'context': [<snowplow_tracker.self_describing_json.SelfDescribingJson object at 0x0000024F01780230>]}
[0m16:24:15.768519 [info ] [Thread-1 (]: 3 of 4 OK created sql view model main.stg_tm_trophies .......................... [[32mOK[0m in 0.02s]
[0m16:24:15.769051 [debug] [Thread-1 (]: Finished running node model.analytics_fc.stg_tm_trophies
[0m16:24:15.769479 [debug] [Thread-1 (]: Began running node model.analytics_fc.mart_scdi_overall
[0m16:24:15.769895 [info ] [Thread-1 (]: 4 of 4 START sql table model main.mart_scdi_overall ............................ [RUN]
[0m16:24:15.770272 [debug] [Thread-1 (]: Re-using an available connection from the pool (formerly model.analytics_fc.stg_tm_trophies, now model.analytics_fc.mart_scdi_overall)
[0m16:24:15.770519 [debug] [Thread-1 (]: Began compiling node model.analytics_fc.mart_scdi_overall
[0m16:24:15.772107 [debug] [Thread-1 (]: Writing injected SQL for node "model.analytics_fc.mart_scdi_overall"
[0m16:24:15.772859 [debug] [Thread-1 (]: Began executing node model.analytics_fc.mart_scdi_overall
[0m16:24:15.800916 [debug] [Thread-1 (]: Writing runtime sql for node "model.analytics_fc.mart_scdi_overall"
[0m16:24:15.801883 [debug] [Thread-1 (]: Using duckdb connection "model.analytics_fc.mart_scdi_overall"
[0m16:24:15.802192 [debug] [Thread-1 (]: On model.analytics_fc.mart_scdi_overall: BEGIN
[0m16:24:15.802400 [debug] [Thread-1 (]: Opening a new connection, currently in state closed
[0m16:24:15.802933 [debug] [Thread-1 (]: SQL status: OK in 0.000 seconds
[0m16:24:15.803213 [debug] [Thread-1 (]: Using duckdb connection "model.analytics_fc.mart_scdi_overall"
[0m16:24:15.803466 [debug] [Thread-1 (]: On model.analytics_fc.mart_scdi_overall: /* {"app": "dbt", "dbt_version": "1.12.5", "profile_name": "analytics_fc", "target_name": "dev", "node_id": "model.analytics_fc.mart_scdi_overall"} */

    

    create  table
      "analytics_fc"."main"."mart_scdi_overall__dbt_tmp"
  
    
    as (
      ﻿-- Level 1: Single Correlating Dyadic Index (SCDI)
-- This model finds pairs of players whose 'overall' rating trajectories 
-- highly correlate during their developmental years (ages 18 to 21).

WITH base AS (
    SELECT 
        player_id, 
        short_name,
        age, 
        overall
    FROM "analytics_fc"."main"."stg_fifatable"
    WHERE age BETWEEN 18 AND 21
),

-- Ensure we only compare players who actually have data for all 4 years in this window
complete_trajectories AS (
    SELECT player_id
    FROM base
    GROUP BY player_id
    HAVING COUNT(*) = 4
),

filtered_base AS (
    SELECT b.*
    FROM base b
    INNER JOIN complete_trajectories ct ON b.player_id = ct.player_id
),

-- Join every player with every other player based on the same age
trajectory_pairs AS (
    SELECT 
        a.player_id AS player_a_id,
        a.short_name AS player_a_name,
        b.player_id AS player_b_id,
        b.short_name AS player_b_name,
        a.age,
        a.overall AS overall_a,
        b.overall AS overall_b
    FROM filtered_base a
    INNER JOIN filtered_base b ON a.age = b.age
    WHERE a.player_id < b.player_id -- ensures we don't compare A to A, or do A->B and B->A
)

-- Calculate the Pearson Correlation (SCDI) for the trajectory
SELECT 
    player_a_id,
    player_a_name,
    player_b_id,
    player_b_name,
    CORR(overall_a, overall_b) AS scdi_score
FROM trajectory_pairs
GROUP BY 
    player_a_id, player_a_name, player_b_id, player_b_name
-- Filter for only highly correlated pairs (the "gems")
HAVING CORR(overall_a, overall_b) >= 0.85
    );
    
  
[0m16:24:15.815962 [debug] [Thread-1 (]: SQL status: OK in 0.012 seconds
[0m16:24:15.817977 [debug] [Thread-1 (]: Using duckdb connection "model.analytics_fc.mart_scdi_overall"
[0m16:24:15.818267 [debug] [Thread-1 (]: On model.analytics_fc.mart_scdi_overall: /* {"app": "dbt", "dbt_version": "1.12.5", "profile_name": "analytics_fc", "target_name": "dev", "node_id": "model.analytics_fc.mart_scdi_overall"} */
alter table "analytics_fc"."main"."mart_scdi_overall__dbt_tmp" rename to "mart_scdi_overall"
[0m16:24:15.818861 [debug] [Thread-1 (]: SQL status: OK in 0.000 seconds
[0m16:24:15.822551 [debug] [Thread-1 (]: On model.analytics_fc.mart_scdi_overall: COMMIT
[0m16:24:15.822929 [debug] [Thread-1 (]: Using duckdb connection "model.analytics_fc.mart_scdi_overall"
[0m16:24:15.823175 [debug] [Thread-1 (]: On model.analytics_fc.mart_scdi_overall: COMMIT
[0m16:24:15.824211 [debug] [Thread-1 (]: SQL status: OK in 0.001 seconds
[0m16:24:15.825413 [debug] [Thread-1 (]: Using duckdb connection "model.analytics_fc.mart_scdi_overall"
[0m16:24:15.825672 [debug] [Thread-1 (]: On model.analytics_fc.mart_scdi_overall: /* {"app": "dbt", "dbt_version": "1.12.5", "profile_name": "analytics_fc", "target_name": "dev", "node_id": "model.analytics_fc.mart_scdi_overall"} */

      drop table if exists "analytics_fc"."main"."mart_scdi_overall__dbt_backup" cascade
    
[0m16:24:15.826231 [debug] [Thread-1 (]: SQL status: OK in 0.000 seconds
[0m16:24:15.827193 [debug] [Thread-1 (]: On model.analytics_fc.mart_scdi_overall: Close
[0m16:24:15.827632 [debug] [Thread-1 (]: Sending event: {'category': 'dbt', 'action': 'run_model', 'label': '7e7c56b6-fdbf-46bb-b392-57ad1f5d5fda', 'context': [<snowplow_tracker.self_describing_json.SelfDescribingJson object at 0x0000024F010DDFD0>]}
[0m16:24:15.828082 [info ] [Thread-1 (]: 4 of 4 OK created sql table model main.mart_scdi_overall ....................... [[32mOK[0m in 0.06s]
[0m16:24:15.828523 [debug] [Thread-1 (]: Finished running node model.analytics_fc.mart_scdi_overall
[0m16:24:15.829480 [debug] [MainThread]: Using duckdb connection "master"
[0m16:24:15.829721 [debug] [MainThread]: On master: BEGIN
[0m16:24:15.829912 [debug] [MainThread]: Opening a new connection, currently in state closed
[0m16:24:15.830303 [debug] [MainThread]: SQL status: OK in 0.000 seconds
[0m16:24:15.830524 [debug] [MainThread]: On master: COMMIT
[0m16:24:15.830714 [debug] [MainThread]: Using duckdb connection "master"
[0m16:24:15.830884 [debug] [MainThread]: On master: COMMIT
[0m16:24:15.831207 [debug] [MainThread]: SQL status: OK in 0.000 seconds
[0m16:24:15.831405 [debug] [MainThread]: On master: Close
[0m16:24:15.831683 [debug] [MainThread]: Connection 'master' was properly closed.
[0m16:24:15.831871 [debug] [MainThread]: Connection 'create_analytics_fc_main' was properly closed.
[0m16:24:15.832029 [debug] [MainThread]: Connection 'list_analytics_fc_main' was properly closed.
[0m16:24:15.832175 [debug] [MainThread]: Connection 'model.analytics_fc.mart_scdi_overall' was properly closed.
[0m16:24:15.832410 [info ] [MainThread]: 
[0m16:24:15.832638 [info ] [MainThread]: Finished running 1 table model, 3 view models in 0 hours 0 minutes and 0.26 seconds (0.26s).
[0m16:24:15.833363 [debug] [MainThread]: Command end result
[0m16:24:15.856677 [debug] [MainThread]: Wrote artifact WritableManifest to C:\Users\AminE\Documents\Fifa Project\analytics-fc\dbt_project\target\manifest.json
[0m16:24:15.859263 [debug] [MainThread]: Wrote artifact SemanticManifest to C:\Users\AminE\Documents\Fifa Project\analytics-fc\dbt_project\target\semantic_manifest.json
[0m16:24:15.861566 [debug] [MainThread]: Wrote artifact OsiDocument to C:\Users\AminE\Documents\Fifa Project\analytics-fc\dbt_project\target\osi_document.json
[0m16:24:15.867025 [debug] [MainThread]: Wrote artifact RunExecutionResult to C:\Users\AminE\Documents\Fifa Project\analytics-fc\dbt_project\target\run_results.json
[0m16:24:15.867291 [info ] [MainThread]: 
[0m16:24:15.867585 [info ] [MainThread]: [32mCompleted successfully[0m
[0m16:24:15.867803 [info ] [MainThread]: 
[0m16:24:15.868025 [info ] [MainThread]: Done. PASS=4 WARN=0 ERROR=0 SKIP=0 NO-OP=0 REUSED=0 TOTAL=4
[0m16:24:15.868690 [debug] [MainThread]: Command `dbt run` succeeded at 16:24:15.868573 after 1.27 seconds
[0m16:24:15.868964 [debug] [MainThread]: Sending event: {'category': 'dbt', 'action': 'invocation', 'label': 'end', 'context': [<snowplow_tracker.self_describing_json.SelfDescribingJson object at 0x0000024F7FA83A80>, <snowplow_tracker.self_describing_json.SelfDescribingJson object at 0x0000024F7F837070>, <snowplow_tracker.self_describing_json.SelfDescribingJson object at 0x0000024F7E8B4530>]}
[0m16:24:15.869227 [debug] [MainThread]: Flushing usage events
[0m16:24:16.645994 [debug] [MainThread]: An error was encountered while trying to flush usage events
[0m16:29:47.763378 [debug] [MainThread]: Sending event: {'category': 'dbt', 'action': 'invocation', 'label': 'start', 'context': [<snowplow_tracker.self_describing_json.SelfDescribingJson object at 0x00000209B0B36660>, <snowplow_tracker.self_describing_json.SelfDescribingJson object at 0x00000209B31AFED0>, <snowplow_tracker.self_describing_json.SelfDescribingJson object at 0x00000209B31AFC50>]}


============================== 16:29:47.767197 | bf109cbd-4f24-4fd8-a387-c85d83e129ea ==============================
[0m16:29:47.767197 [info ] [MainThread]: Running with dbt=1.12.5
[0m16:29:47.767677 [debug] [MainThread]: running dbt with arguments {'version_check': 'True', 'no_print': 'None', 'static_parser': 'True', 'target_path': 'None', 'warn_error_options': 'WarnErrorOptionsV2(error=[], warn=[], silence=[])', 'maximum_seed_size_mib': '1', 'printer_width': '80', 'write_json': 'True', 'introspect': 'True', 'log_cache_events': 'False', 'empty': 'False', 'cache_selected_only': 'False', 'fail_fast': 'False', 'debug': 'False', 'log_format': 'default', 'profiles_dir': 'C:\\Users\\AminE\\Documents\\Fifa Project\\analytics-fc\\dbt_project', 'send_anonymous_usage_stats': 'True', 'quiet': 'False', 'warn_error': 'None', 'partial_parse': 'True', 'indirect_selection': 'eager', 'hints_enabled': 'True', 'invocation_command': 'dbt run --select stg_fifatable', 'use_experimental_parser': 'False', 'use_colors': 'True', 'log_path': 'C:\\Users\\AminE\\Documents\\Fifa Project\\analytics-fc\\dbt_project\\logs'}
[0m16:29:47.947369 [debug] [MainThread]: Sending event: {'category': 'dbt', 'action': 'project_id', 'label': 'bf109cbd-4f24-4fd8-a387-c85d83e129ea', 'context': [<snowplow_tracker.self_describing_json.SelfDescribingJson object at 0x00000209B107A8B0>]}
[0m16:29:47.997326 [debug] [MainThread]: Sending event: {'category': 'dbt', 'action': 'adapter_info', 'label': 'bf109cbd-4f24-4fd8-a387-c85d83e129ea', 'context': [<snowplow_tracker.self_describing_json.SelfDescribingJson object at 0x00000209AF1F4160>]}
[0m16:29:47.999566 [info ] [MainThread]: Registered adapter: duckdb=1.11.0
[0m16:29:48.132920 [debug] [MainThread]: checksum: 7119ea9ea0a8c0e9670f38f33f87c32becf9f2d7f739bdc9a20c0de7769a393a, vars: {}, profile: analytics_fc, target: dev, version: 1.12.5
[0m16:29:48.300679 [debug] [MainThread]: Partial parsing enabled: 0 files deleted, 0 files added, 1 files changed.
[0m16:29:48.301211 [debug] [MainThread]: Partial parsing: updated file: analytics_fc://models\staging\stg_fifatable.sql
[0m16:29:48.521425 [debug] [MainThread]: Sending event: {'category': 'dbt', 'action': 'load_project', 'label': 'bf109cbd-4f24-4fd8-a387-c85d83e129ea', 'context': [<snowplow_tracker.self_describing_json.SelfDescribingJson object at 0x00000209B388CF50>]}
[0m16:29:48.593101 [debug] [MainThread]: Wrote artifact WritableManifest to C:\Users\AminE\Documents\Fifa Project\analytics-fc\dbt_project\target\manifest.json
[0m16:29:48.596065 [debug] [MainThread]: Wrote artifact SemanticManifest to C:\Users\AminE\Documents\Fifa Project\analytics-fc\dbt_project\target\semantic_manifest.json
[0m16:29:48.620340 [debug] [MainThread]: Wrote artifact OsiDocument to C:\Users\AminE\Documents\Fifa Project\analytics-fc\dbt_project\target\osi_document.json
[0m16:29:48.632907 [debug] [MainThread]: Sending event: {'category': 'dbt', 'action': 'resource_counts', 'label': 'bf109cbd-4f24-4fd8-a387-c85d83e129ea', 'context': [<snowplow_tracker.self_describing_json.SelfDescribingJson object at 0x00000209B3946C60>]}
[0m16:29:48.633406 [info ] [MainThread]: Found 4 models, 3 sources, 500 macros
[0m16:29:48.633723 [debug] [MainThread]: Sending event: {'category': 'dbt', 'action': 'runnable_timing', 'label': 'bf109cbd-4f24-4fd8-a387-c85d83e129ea', 'context': [<snowplow_tracker.self_describing_json.SelfDescribingJson object at 0x00000209B39AA350>]}
[0m16:29:48.635357 [info ] [MainThread]: 
[0m16:29:48.635745 [info ] [MainThread]: Concurrency: 1 threads (target='dev')
[0m16:29:48.636012 [info ] [MainThread]: 
[0m16:29:48.636421 [debug] [MainThread]: Acquiring new duckdb connection 'master'
[0m16:29:48.637391 [debug] [ThreadPool]: Acquiring new duckdb connection 'list_analytics_fc'
[0m16:29:48.677585 [debug] [ThreadPool]: Using duckdb connection "list_analytics_fc"
[0m16:29:48.677945 [debug] [ThreadPool]: On list_analytics_fc: /* {"app": "dbt", "dbt_version": "1.12.5", "profile_name": "analytics_fc", "target_name": "dev", "connection_name": "list_analytics_fc"} */

    
    select schema_name
    from system.information_schema.schemata
    
    where lower(catalog_name) = '"analytics_fc"'
    
  
  
[0m16:29:48.678171 [debug] [ThreadPool]: Opening a new connection, currently in state init
[0m16:29:48.702761 [debug] [ThreadPool]: SQL status: OK in 0.024 seconds
[0m16:29:48.703866 [debug] [ThreadPool]: On list_analytics_fc: Close
[0m16:29:48.704488 [debug] [ThreadPool]: Re-using an available connection from the pool (formerly list_analytics_fc, now create_analytics_fc_main)
[0m16:29:48.704855 [debug] [ThreadPool]: Creating schema "database: "analytics_fc"
schema: "main"
"
[0m16:29:48.709611 [debug] [ThreadPool]: Using duckdb connection "create_analytics_fc_main"
[0m16:29:48.709903 [debug] [ThreadPool]: On create_analytics_fc_main: /* {"app": "dbt", "dbt_version": "1.12.5", "profile_name": "analytics_fc", "target_name": "dev", "connection_name": "create_analytics_fc_main"} */

    
        select type from duckdb_databases()
        where lower(database_name)='analytics_fc'
        and type != 'duckdb'
    
  
[0m16:29:48.710190 [debug] [ThreadPool]: Opening a new connection, currently in state closed
[0m16:29:48.711107 [debug] [ThreadPool]: SQL status: OK in 0.001 seconds
[0m16:29:48.712048 [debug] [ThreadPool]: Using duckdb connection "create_analytics_fc_main"
[0m16:29:48.712284 [debug] [ThreadPool]: On create_analytics_fc_main: BEGIN
[0m16:29:48.712643 [debug] [ThreadPool]: SQL status: OK in 0.000 seconds
[0m16:29:48.712852 [debug] [ThreadPool]: Using duckdb connection "create_analytics_fc_main"
[0m16:29:48.713026 [debug] [ThreadPool]: On create_analytics_fc_main: /* {"app": "dbt", "dbt_version": "1.12.5", "profile_name": "analytics_fc", "target_name": "dev", "connection_name": "create_analytics_fc_main"} */

    
    
        create schema if not exists "analytics_fc"."main"
    
[0m16:29:48.713400 [debug] [ThreadPool]: SQL status: OK in 0.000 seconds
[0m16:29:48.713977 [debug] [ThreadPool]: On create_analytics_fc_main: COMMIT
[0m16:29:48.714204 [debug] [ThreadPool]: Using duckdb connection "create_analytics_fc_main"
[0m16:29:48.714384 [debug] [ThreadPool]: On create_analytics_fc_main: COMMIT
[0m16:29:48.714683 [debug] [ThreadPool]: SQL status: OK in 0.000 seconds
[0m16:29:48.714886 [debug] [ThreadPool]: On create_analytics_fc_main: Close
[0m16:29:48.718911 [debug] [ThreadPool]: Acquiring new duckdb connection 'list_analytics_fc_main'
[0m16:29:48.722317 [debug] [ThreadPool]: Using duckdb connection "list_analytics_fc_main"
[0m16:29:48.722593 [debug] [ThreadPool]: On list_analytics_fc_main: BEGIN
[0m16:29:48.722773 [debug] [ThreadPool]: Opening a new connection, currently in state init
[0m16:29:48.723272 [debug] [ThreadPool]: SQL status: OK in 0.000 seconds
[0m16:29:48.723499 [debug] [ThreadPool]: Using duckdb connection "list_analytics_fc_main"
[0m16:29:48.723680 [debug] [ThreadPool]: On list_analytics_fc_main: /* {"app": "dbt", "dbt_version": "1.12.5", "profile_name": "analytics_fc", "target_name": "dev", "connection_name": "list_analytics_fc_main"} */
select
      'analytics_fc' as database,
      table_name as name,
      table_schema as schema,
      CASE table_type
        WHEN 'BASE TABLE' THEN 'table'
        WHEN 'VIEW' THEN 'view'
        WHEN 'LOCAL TEMPORARY' THEN 'table'
        END as type
    from system.information_schema.tables
    where lower(table_schema) = 'main'
    and lower(table_catalog) = 'analytics_fc'
  
[0m16:29:48.726558 [debug] [ThreadPool]: SQL status: OK in 0.003 seconds
[0m16:29:48.728147 [debug] [ThreadPool]: On list_analytics_fc_main: ROLLBACK
[0m16:29:48.728719 [debug] [ThreadPool]: On list_analytics_fc_main: Close
[0m16:29:48.729834 [debug] [MainThread]: Sending event: {'category': 'dbt', 'action': 'runnable_timing', 'label': 'bf109cbd-4f24-4fd8-a387-c85d83e129ea', 'context': [<snowplow_tracker.self_describing_json.SelfDescribingJson object at 0x00000209B3BD3790>]}
[0m16:29:48.730210 [debug] [MainThread]: Using duckdb connection "master"
[0m16:29:48.730422 [debug] [MainThread]: On master: BEGIN
[0m16:29:48.730637 [debug] [MainThread]: Opening a new connection, currently in state init
[0m16:29:48.731093 [debug] [MainThread]: SQL status: OK in 0.000 seconds
[0m16:29:48.731304 [debug] [MainThread]: On master: COMMIT
[0m16:29:48.731480 [debug] [MainThread]: Using duckdb connection "master"
[0m16:29:48.731638 [debug] [MainThread]: On master: COMMIT
[0m16:29:48.731933 [debug] [MainThread]: SQL status: OK in 0.000 seconds
[0m16:29:48.732135 [debug] [MainThread]: On master: Close
[0m16:29:48.734807 [debug] [Thread-1 (]: Began running node model.analytics_fc.stg_fifatable
[0m16:29:48.735218 [info ] [Thread-1 (]: 1 of 1 START sql view model main.stg_fifatable ................................. [RUN]
[0m16:29:48.735655 [debug] [Thread-1 (]: Acquiring new duckdb connection 'model.analytics_fc.stg_fifatable'
[0m16:29:48.735941 [debug] [Thread-1 (]: Began compiling node model.analytics_fc.stg_fifatable
[0m16:29:48.740470 [debug] [Thread-1 (]: Writing injected SQL for node "model.analytics_fc.stg_fifatable"
[0m16:29:48.741291 [debug] [Thread-1 (]: Began executing node model.analytics_fc.stg_fifatable
[0m16:29:48.767877 [debug] [Thread-1 (]: Writing runtime sql for node "model.analytics_fc.stg_fifatable"
[0m16:29:48.768849 [debug] [Thread-1 (]: Using duckdb connection "model.analytics_fc.stg_fifatable"
[0m16:29:48.769145 [debug] [Thread-1 (]: On model.analytics_fc.stg_fifatable: BEGIN
[0m16:29:48.769356 [debug] [Thread-1 (]: Opening a new connection, currently in state init
[0m16:29:48.770008 [debug] [Thread-1 (]: SQL status: OK in 0.001 seconds
[0m16:29:48.770269 [debug] [Thread-1 (]: Using duckdb connection "model.analytics_fc.stg_fifatable"
[0m16:29:48.770524 [debug] [Thread-1 (]: On model.analytics_fc.stg_fifatable: /* {"app": "dbt", "dbt_version": "1.12.5", "profile_name": "analytics_fc", "target_name": "dev", "node_id": "model.analytics_fc.stg_fifatable"} */

  
  create view "analytics_fc"."main"."stg_fifatable__dbt_tmp" as (
    ﻿WITH source AS (
    SELECT * FROM "analytics_fc"."raw"."fifatable"
),

renamed AS (
    SELECT
        player_id,
        Fifa_year AS fifa_edition_year,
        TRY_CAST(age AS INTEGER) AS age,
        short_name,
        long_name,
        nationality,
        club,
        position,
        TRY_CAST(overall AS INTEGER) AS overall,
        TRY_CAST(max_potential AS INTEGER) AS max_potential,
        TRY_CAST(minutes AS INTEGER) AS minutes,
        TRY_CAST(goals AS INTEGER) AS goals
    FROM source
)

SELECT * FROM renamed
  );

[0m16:29:48.771493 [debug] [Thread-1 (]: SQL status: OK in 0.001 seconds
[0m16:29:48.775559 [debug] [Thread-1 (]: Using duckdb connection "model.analytics_fc.stg_fifatable"
[0m16:29:48.775836 [debug] [Thread-1 (]: On model.analytics_fc.stg_fifatable: /* {"app": "dbt", "dbt_version": "1.12.5", "profile_name": "analytics_fc", "target_name": "dev", "node_id": "model.analytics_fc.stg_fifatable"} */
alter view "analytics_fc"."main"."stg_fifatable" rename to "stg_fifatable__dbt_backup"
[0m16:29:48.776440 [debug] [Thread-1 (]: SQL status: OK in 0.000 seconds
[0m16:29:48.777898 [debug] [Thread-1 (]: Using duckdb connection "model.analytics_fc.stg_fifatable"
[0m16:29:48.778155 [debug] [Thread-1 (]: On model.analytics_fc.stg_fifatable: /* {"app": "dbt", "dbt_version": "1.12.5", "profile_name": "analytics_fc", "target_name": "dev", "node_id": "model.analytics_fc.stg_fifatable"} */
alter view "analytics_fc"."main"."stg_fifatable__dbt_tmp" rename to "stg_fifatable"
[0m16:29:48.778629 [debug] [Thread-1 (]: SQL status: OK in 0.000 seconds
[0m16:29:48.787954 [debug] [Thread-1 (]: On model.analytics_fc.stg_fifatable: COMMIT
[0m16:29:48.788320 [debug] [Thread-1 (]: Using duckdb connection "model.analytics_fc.stg_fifatable"
[0m16:29:48.788566 [debug] [Thread-1 (]: On model.analytics_fc.stg_fifatable: COMMIT
[0m16:29:48.790221 [debug] [Thread-1 (]: SQL status: OK in 0.001 seconds
[0m16:29:48.793689 [debug] [Thread-1 (]: Using duckdb connection "model.analytics_fc.stg_fifatable"
[0m16:29:48.793970 [debug] [Thread-1 (]: On model.analytics_fc.stg_fifatable: /* {"app": "dbt", "dbt_version": "1.12.5", "profile_name": "analytics_fc", "target_name": "dev", "node_id": "model.analytics_fc.stg_fifatable"} */

      drop view if exists "analytics_fc"."main"."stg_fifatable__dbt_backup" cascade
    
[0m16:29:48.795162 [debug] [Thread-1 (]: SQL status: OK in 0.001 seconds
[0m16:29:48.796836 [debug] [Thread-1 (]: On model.analytics_fc.stg_fifatable: Close
[0m16:29:48.798534 [debug] [Thread-1 (]: Sending event: {'category': 'dbt', 'action': 'run_model', 'label': 'bf109cbd-4f24-4fd8-a387-c85d83e129ea', 'context': [<snowplow_tracker.self_describing_json.SelfDescribingJson object at 0x00000209B3D68DD0>]}
[0m16:29:48.798997 [info ] [Thread-1 (]: 1 of 1 OK created sql view model main.stg_fifatable ............................ [[32mOK[0m in 0.06s]
[0m16:29:48.799531 [debug] [Thread-1 (]: Finished running node model.analytics_fc.stg_fifatable
[0m16:29:48.800698 [debug] [MainThread]: Using duckdb connection "master"
[0m16:29:48.800956 [debug] [MainThread]: On master: BEGIN
[0m16:29:48.801133 [debug] [MainThread]: Opening a new connection, currently in state closed
[0m16:29:48.801594 [debug] [MainThread]: SQL status: OK in 0.000 seconds
[0m16:29:48.801791 [debug] [MainThread]: On master: COMMIT
[0m16:29:48.801963 [debug] [MainThread]: Using duckdb connection "master"
[0m16:29:48.802201 [debug] [MainThread]: On master: COMMIT
[0m16:29:48.802553 [debug] [MainThread]: SQL status: OK in 0.000 seconds
[0m16:29:48.802836 [debug] [MainThread]: On master: Close
[0m16:29:48.803129 [debug] [MainThread]: Connection 'master' was properly closed.
[0m16:29:48.803323 [debug] [MainThread]: Connection 'create_analytics_fc_main' was properly closed.
[0m16:29:48.803483 [debug] [MainThread]: Connection 'list_analytics_fc_main' was properly closed.
[0m16:29:48.803636 [debug] [MainThread]: Connection 'model.analytics_fc.stg_fifatable' was properly closed.
[0m16:29:48.803874 [info ] [MainThread]: 
[0m16:29:48.804113 [info ] [MainThread]: Finished running 1 view model in 0 hours 0 minutes and 0.17 seconds (0.17s).
[0m16:29:48.804624 [debug] [MainThread]: Command end result
[0m16:29:48.829220 [debug] [MainThread]: Wrote artifact WritableManifest to C:\Users\AminE\Documents\Fifa Project\analytics-fc\dbt_project\target\manifest.json
[0m16:29:48.832004 [debug] [MainThread]: Wrote artifact SemanticManifest to C:\Users\AminE\Documents\Fifa Project\analytics-fc\dbt_project\target\semantic_manifest.json
[0m16:29:48.834444 [debug] [MainThread]: Wrote artifact OsiDocument to C:\Users\AminE\Documents\Fifa Project\analytics-fc\dbt_project\target\osi_document.json
[0m16:29:48.839970 [debug] [MainThread]: Wrote artifact RunExecutionResult to C:\Users\AminE\Documents\Fifa Project\analytics-fc\dbt_project\target\run_results.json
[0m16:29:48.840310 [info ] [MainThread]: 
[0m16:29:48.840652 [info ] [MainThread]: [32mCompleted successfully[0m
[0m16:29:48.840907 [info ] [MainThread]: 
[0m16:29:48.841171 [info ] [MainThread]: Done. PASS=1 WARN=0 ERROR=0 SKIP=0 NO-OP=0 REUSED=0 TOTAL=1
[0m16:29:48.841972 [debug] [MainThread]: Command `dbt run` succeeded at 16:29:48.841795 after 1.21 seconds
[0m16:29:48.842292 [debug] [MainThread]: Sending event: {'category': 'dbt', 'action': 'invocation', 'label': 'end', 'context': [<snowplow_tracker.self_describing_json.SelfDescribingJson object at 0x00000209B3A06200>, <snowplow_tracker.self_describing_json.SelfDescribingJson object at 0x00000209B3D7F930>, <snowplow_tracker.self_describing_json.SelfDescribingJson object at 0x00000209B3D7CAF0>]}
[0m16:29:48.842565 [debug] [MainThread]: Flushing usage events
[0m16:29:49.626778 [debug] [MainThread]: An error was encountered while trying to flush usage events
[0m16:30:07.064082 [debug] [MainThread]: Sending event: {'category': 'dbt', 'action': 'invocation', 'label': 'start', 'context': [<snowplow_tracker.self_describing_json.SelfDescribingJson object at 0x000001D136516660>, <snowplow_tracker.self_describing_json.SelfDescribingJson object at 0x000001D138B8FED0>, <snowplow_tracker.self_describing_json.SelfDescribingJson object at 0x000001D138B8FC50>]}


============================== 16:30:07.067651 | ddab7684-2e83-49ab-bb9d-a741b8642c12 ==============================
[0m16:30:07.067651 [info ] [MainThread]: Running with dbt=1.12.5
[0m16:30:07.068161 [debug] [MainThread]: running dbt with arguments {'maximum_seed_size_mib': '1', 'no_print': 'None', 'static_parser': 'True', 'warn_error_options': 'WarnErrorOptionsV2(error=[], warn=[], silence=[])', 'target_path': 'None', 'version_check': 'True', 'printer_width': '80', 'write_json': 'True', 'introspect': 'True', 'log_cache_events': 'False', 'empty': 'False', 'cache_selected_only': 'False', 'fail_fast': 'False', 'debug': 'False', 'log_format': 'default', 'partial_parse': 'True', 'send_anonymous_usage_stats': 'True', 'quiet': 'False', 'warn_error': 'None', 'profiles_dir': 'C:\\Users\\AminE\\Documents\\Fifa Project\\analytics-fc\\dbt_project', 'use_colors': 'True', 'hints_enabled': 'True', 'indirect_selection': 'eager', 'use_experimental_parser': 'False', 'invocation_command': 'dbt run', 'log_path': 'C:\\Users\\AminE\\Documents\\Fifa Project\\analytics-fc\\dbt_project\\logs'}
[0m16:30:07.243796 [debug] [MainThread]: Sending event: {'category': 'dbt', 'action': 'project_id', 'label': 'ddab7684-2e83-49ab-bb9d-a741b8642c12', 'context': [<snowplow_tracker.self_describing_json.SelfDescribingJson object at 0x000001D136A5A8B0>]}
[0m16:30:07.292763 [debug] [MainThread]: Sending event: {'category': 'dbt', 'action': 'adapter_info', 'label': 'ddab7684-2e83-49ab-bb9d-a741b8642c12', 'context': [<snowplow_tracker.self_describing_json.SelfDescribingJson object at 0x000001D134BE0160>]}
[0m16:30:07.295606 [info ] [MainThread]: Registered adapter: duckdb=1.11.0
[0m16:30:07.426670 [debug] [MainThread]: checksum: 7119ea9ea0a8c0e9670f38f33f87c32becf9f2d7f739bdc9a20c0de7769a393a, vars: {}, profile: analytics_fc, target: dev, version: 1.12.5
[0m16:30:07.588733 [debug] [MainThread]: Partial parsing enabled: 1 files deleted, 1 files added, 0 files changed.
[0m16:30:07.589309 [debug] [MainThread]: Partial parsing: added file: analytics_fc://models\marts\cascade\mart_pattern_maker.sql
[0m16:30:07.589565 [debug] [MainThread]: Partial parsing: deleted file: analytics_fc://models\marts\cascade\mart_scdi_overall.sql
[0m16:30:07.810178 [debug] [MainThread]: Sending event: {'category': 'dbt', 'action': 'load_project', 'label': 'ddab7684-2e83-49ab-bb9d-a741b8642c12', 'context': [<snowplow_tracker.self_describing_json.SelfDescribingJson object at 0x000001D13931CF50>]}
[0m16:30:07.877868 [debug] [MainThread]: Wrote artifact WritableManifest to C:\Users\AminE\Documents\Fifa Project\analytics-fc\dbt_project\target\manifest.json
[0m16:30:07.880567 [debug] [MainThread]: Wrote artifact SemanticManifest to C:\Users\AminE\Documents\Fifa Project\analytics-fc\dbt_project\target\semantic_manifest.json
[0m16:30:07.901049 [debug] [MainThread]: Wrote artifact OsiDocument to C:\Users\AminE\Documents\Fifa Project\analytics-fc\dbt_project\target\osi_document.json
[0m16:30:07.911904 [debug] [MainThread]: Sending event: {'category': 'dbt', 'action': 'resource_counts', 'label': 'ddab7684-2e83-49ab-bb9d-a741b8642c12', 'context': [<snowplow_tracker.self_describing_json.SelfDescribingJson object at 0x000001D1393DAC60>]}
[0m16:30:07.912308 [info ] [MainThread]: Found 4 models, 3 sources, 500 macros
[0m16:30:07.912576 [debug] [MainThread]: Sending event: {'category': 'dbt', 'action': 'runnable_timing', 'label': 'ddab7684-2e83-49ab-bb9d-a741b8642c12', 'context': [<snowplow_tracker.self_describing_json.SelfDescribingJson object at 0x000001D13943A190>]}
[0m16:30:07.914111 [info ] [MainThread]: 
[0m16:30:07.914436 [info ] [MainThread]: Concurrency: 1 threads (target='dev')
[0m16:30:07.914635 [info ] [MainThread]: 
[0m16:30:07.915130 [debug] [MainThread]: Acquiring new duckdb connection 'master'
[0m16:30:07.919723 [debug] [ThreadPool]: Acquiring new duckdb connection 'list_analytics_fc'
[0m16:30:07.960234 [debug] [ThreadPool]: Using duckdb connection "list_analytics_fc"
[0m16:30:07.960584 [debug] [ThreadPool]: On list_analytics_fc: /* {"app": "dbt", "dbt_version": "1.12.5", "profile_name": "analytics_fc", "target_name": "dev", "connection_name": "list_analytics_fc"} */

    
    select schema_name
    from system.information_schema.schemata
    
    where lower(catalog_name) = '"analytics_fc"'
    
  
  
[0m16:30:07.960790 [debug] [ThreadPool]: Opening a new connection, currently in state init
[0m16:30:07.983139 [debug] [ThreadPool]: SQL status: OK in 0.022 seconds
[0m16:30:07.984197 [debug] [ThreadPool]: On list_analytics_fc: Close
[0m16:30:07.984972 [debug] [ThreadPool]: Re-using an available connection from the pool (formerly list_analytics_fc, now create_analytics_fc_main)
[0m16:30:07.985343 [debug] [ThreadPool]: Creating schema "database: "analytics_fc"
schema: "main"
"
[0m16:30:07.990183 [debug] [ThreadPool]: Using duckdb connection "create_analytics_fc_main"
[0m16:30:07.990447 [debug] [ThreadPool]: On create_analytics_fc_main: /* {"app": "dbt", "dbt_version": "1.12.5", "profile_name": "analytics_fc", "target_name": "dev", "connection_name": "create_analytics_fc_main"} */

    
        select type from duckdb_databases()
        where lower(database_name)='analytics_fc'
        and type != 'duckdb'
    
  
[0m16:30:07.990633 [debug] [ThreadPool]: Opening a new connection, currently in state closed
[0m16:30:07.991440 [debug] [ThreadPool]: SQL status: OK in 0.001 seconds
[0m16:30:07.992343 [debug] [ThreadPool]: Using duckdb connection "create_analytics_fc_main"
[0m16:30:07.992559 [debug] [ThreadPool]: On create_analytics_fc_main: BEGIN
[0m16:30:07.992918 [debug] [ThreadPool]: SQL status: OK in 0.000 seconds
[0m16:30:07.993113 [debug] [ThreadPool]: Using duckdb connection "create_analytics_fc_main"
[0m16:30:07.993276 [debug] [ThreadPool]: On create_analytics_fc_main: /* {"app": "dbt", "dbt_version": "1.12.5", "profile_name": "analytics_fc", "target_name": "dev", "connection_name": "create_analytics_fc_main"} */

    
    
        create schema if not exists "analytics_fc"."main"
    
[0m16:30:07.993713 [debug] [ThreadPool]: SQL status: OK in 0.000 seconds
[0m16:30:07.994263 [debug] [ThreadPool]: On create_analytics_fc_main: COMMIT
[0m16:30:07.994467 [debug] [ThreadPool]: Using duckdb connection "create_analytics_fc_main"
[0m16:30:07.994635 [debug] [ThreadPool]: On create_analytics_fc_main: COMMIT
[0m16:30:07.994937 [debug] [ThreadPool]: SQL status: OK in 0.000 seconds
[0m16:30:07.995135 [debug] [ThreadPool]: On create_analytics_fc_main: Close
[0m16:30:07.996474 [debug] [ThreadPool]: Acquiring new duckdb connection 'list_analytics_fc_main'
[0m16:30:08.000022 [debug] [ThreadPool]: Using duckdb connection "list_analytics_fc_main"
[0m16:30:08.000324 [debug] [ThreadPool]: On list_analytics_fc_main: BEGIN
[0m16:30:08.000546 [debug] [ThreadPool]: Opening a new connection, currently in state init
[0m16:30:08.001062 [debug] [ThreadPool]: SQL status: OK in 0.000 seconds
[0m16:30:08.001277 [debug] [ThreadPool]: Using duckdb connection "list_analytics_fc_main"
[0m16:30:08.001460 [debug] [ThreadPool]: On list_analytics_fc_main: /* {"app": "dbt", "dbt_version": "1.12.5", "profile_name": "analytics_fc", "target_name": "dev", "connection_name": "list_analytics_fc_main"} */
select
      'analytics_fc' as database,
      table_name as name,
      table_schema as schema,
      CASE table_type
        WHEN 'BASE TABLE' THEN 'table'
        WHEN 'VIEW' THEN 'view'
        WHEN 'LOCAL TEMPORARY' THEN 'table'
        END as type
    from system.information_schema.tables
    where lower(table_schema) = 'main'
    and lower(table_catalog) = 'analytics_fc'
  
[0m16:30:08.004548 [debug] [ThreadPool]: SQL status: OK in 0.003 seconds
[0m16:30:08.005691 [debug] [ThreadPool]: On list_analytics_fc_main: ROLLBACK
[0m16:30:08.006138 [debug] [ThreadPool]: On list_analytics_fc_main: Close
[0m16:30:08.007328 [debug] [MainThread]: Sending event: {'category': 'dbt', 'action': 'runnable_timing', 'label': 'ddab7684-2e83-49ab-bb9d-a741b8642c12', 'context': [<snowplow_tracker.self_describing_json.SelfDescribingJson object at 0x000001D13964B5F0>]}
[0m16:30:08.007673 [debug] [MainThread]: Using duckdb connection "master"
[0m16:30:08.007874 [debug] [MainThread]: On master: BEGIN
[0m16:30:08.008046 [debug] [MainThread]: Opening a new connection, currently in state init
[0m16:30:08.008438 [debug] [MainThread]: SQL status: OK in 0.000 seconds
[0m16:30:08.008666 [debug] [MainThread]: On master: COMMIT
[0m16:30:08.008855 [debug] [MainThread]: Using duckdb connection "master"
[0m16:30:08.009039 [debug] [MainThread]: On master: COMMIT
[0m16:30:08.009350 [debug] [MainThread]: SQL status: OK in 0.000 seconds
[0m16:30:08.009546 [debug] [MainThread]: On master: Close
[0m16:30:08.012252 [debug] [Thread-1 (]: Began running node model.analytics_fc.stg_fifatable
[0m16:30:08.012720 [info ] [Thread-1 (]: 1 of 4 START sql view model main.stg_fifatable ................................. [RUN]
[0m16:30:08.013205 [debug] [Thread-1 (]: Acquiring new duckdb connection 'model.analytics_fc.stg_fifatable'
[0m16:30:08.013465 [debug] [Thread-1 (]: Began compiling node model.analytics_fc.stg_fifatable
[0m16:30:08.017735 [debug] [Thread-1 (]: Writing injected SQL for node "model.analytics_fc.stg_fifatable"
[0m16:30:08.018454 [debug] [Thread-1 (]: Began executing node model.analytics_fc.stg_fifatable
[0m16:30:08.040437 [debug] [Thread-1 (]: Writing runtime sql for node "model.analytics_fc.stg_fifatable"
[0m16:30:08.041365 [debug] [Thread-1 (]: Using duckdb connection "model.analytics_fc.stg_fifatable"
[0m16:30:08.041670 [debug] [Thread-1 (]: On model.analytics_fc.stg_fifatable: BEGIN
[0m16:30:08.041992 [debug] [Thread-1 (]: Opening a new connection, currently in state init
[0m16:30:08.042761 [debug] [Thread-1 (]: SQL status: OK in 0.001 seconds
[0m16:30:08.043029 [debug] [Thread-1 (]: Using duckdb connection "model.analytics_fc.stg_fifatable"
[0m16:30:08.043279 [debug] [Thread-1 (]: On model.analytics_fc.stg_fifatable: /* {"app": "dbt", "dbt_version": "1.12.5", "profile_name": "analytics_fc", "target_name": "dev", "node_id": "model.analytics_fc.stg_fifatable"} */

  
  create view "analytics_fc"."main"."stg_fifatable__dbt_tmp" as (
    ﻿WITH source AS (
    SELECT * FROM "analytics_fc"."raw"."fifatable"
),

renamed AS (
    SELECT
        player_id,
        Fifa_year AS fifa_edition_year,
        TRY_CAST(age AS INTEGER) AS age,
        short_name,
        long_name,
        nationality,
        club,
        position,
        TRY_CAST(overall AS INTEGER) AS overall,
        TRY_CAST(max_potential AS INTEGER) AS max_potential,
        TRY_CAST(minutes AS INTEGER) AS minutes,
        TRY_CAST(goals AS INTEGER) AS goals
    FROM source
)

SELECT * FROM renamed
  );

[0m16:30:08.044241 [debug] [Thread-1 (]: SQL status: OK in 0.001 seconds
[0m16:30:08.048174 [debug] [Thread-1 (]: Using duckdb connection "model.analytics_fc.stg_fifatable"
[0m16:30:08.048451 [debug] [Thread-1 (]: On model.analytics_fc.stg_fifatable: /* {"app": "dbt", "dbt_version": "1.12.5", "profile_name": "analytics_fc", "target_name": "dev", "node_id": "model.analytics_fc.stg_fifatable"} */
alter view "analytics_fc"."main"."stg_fifatable" rename to "stg_fifatable__dbt_backup"
[0m16:30:08.049006 [debug] [Thread-1 (]: SQL status: OK in 0.000 seconds
[0m16:30:08.050516 [debug] [Thread-1 (]: Using duckdb connection "model.analytics_fc.stg_fifatable"
[0m16:30:08.050785 [debug] [Thread-1 (]: On model.analytics_fc.stg_fifatable: /* {"app": "dbt", "dbt_version": "1.12.5", "profile_name": "analytics_fc", "target_name": "dev", "node_id": "model.analytics_fc.stg_fifatable"} */
alter view "analytics_fc"."main"."stg_fifatable__dbt_tmp" rename to "stg_fifatable"
[0m16:30:08.051261 [debug] [Thread-1 (]: SQL status: OK in 0.000 seconds
[0m16:30:08.060879 [debug] [Thread-1 (]: On model.analytics_fc.stg_fifatable: COMMIT
[0m16:30:08.061398 [debug] [Thread-1 (]: Using duckdb connection "model.analytics_fc.stg_fifatable"
[0m16:30:08.061670 [debug] [Thread-1 (]: On model.analytics_fc.stg_fifatable: COMMIT
[0m16:30:08.063569 [debug] [Thread-1 (]: SQL status: OK in 0.002 seconds
[0m16:30:08.066725 [debug] [Thread-1 (]: Using duckdb connection "model.analytics_fc.stg_fifatable"
[0m16:30:08.066981 [debug] [Thread-1 (]: On model.analytics_fc.stg_fifatable: /* {"app": "dbt", "dbt_version": "1.12.5", "profile_name": "analytics_fc", "target_name": "dev", "node_id": "model.analytics_fc.stg_fifatable"} */

      drop view if exists "analytics_fc"."main"."stg_fifatable__dbt_backup" cascade
    
[0m16:30:08.068032 [debug] [Thread-1 (]: SQL status: OK in 0.001 seconds
[0m16:30:08.069675 [debug] [Thread-1 (]: On model.analytics_fc.stg_fifatable: Close
[0m16:30:08.071327 [debug] [Thread-1 (]: Sending event: {'category': 'dbt', 'action': 'run_model', 'label': 'ddab7684-2e83-49ab-bb9d-a741b8642c12', 'context': [<snowplow_tracker.self_describing_json.SelfDescribingJson object at 0x000001D1397E8590>]}
[0m16:30:08.071800 [info ] [Thread-1 (]: 1 of 4 OK created sql view model main.stg_fifatable ............................ [[32mOK[0m in 0.06s]
[0m16:30:08.072250 [debug] [Thread-1 (]: Finished running node model.analytics_fc.stg_fifatable
[0m16:30:08.072536 [debug] [Thread-1 (]: Began running node model.analytics_fc.stg_tm_stats
[0m16:30:08.072865 [info ] [Thread-1 (]: 2 of 4 START sql view model main.stg_tm_stats .................................. [RUN]
[0m16:30:08.073316 [debug] [Thread-1 (]: Re-using an available connection from the pool (formerly model.analytics_fc.stg_fifatable, now model.analytics_fc.stg_tm_stats)
[0m16:30:08.073793 [debug] [Thread-1 (]: Began compiling node model.analytics_fc.stg_tm_stats
[0m16:30:08.075334 [debug] [Thread-1 (]: Writing injected SQL for node "model.analytics_fc.stg_tm_stats"
[0m16:30:08.076104 [debug] [Thread-1 (]: Began executing node model.analytics_fc.stg_tm_stats
[0m16:30:08.078671 [debug] [Thread-1 (]: Writing runtime sql for node "model.analytics_fc.stg_tm_stats"
[0m16:30:08.079372 [debug] [Thread-1 (]: Using duckdb connection "model.analytics_fc.stg_tm_stats"
[0m16:30:08.079644 [debug] [Thread-1 (]: On model.analytics_fc.stg_tm_stats: BEGIN
[0m16:30:08.079874 [debug] [Thread-1 (]: Opening a new connection, currently in state closed
[0m16:30:08.080420 [debug] [Thread-1 (]: SQL status: OK in 0.001 seconds
[0m16:30:08.080665 [debug] [Thread-1 (]: Using duckdb connection "model.analytics_fc.stg_tm_stats"
[0m16:30:08.080897 [debug] [Thread-1 (]: On model.analytics_fc.stg_tm_stats: /* {"app": "dbt", "dbt_version": "1.12.5", "profile_name": "analytics_fc", "target_name": "dev", "node_id": "model.analytics_fc.stg_tm_stats"} */

  
  create view "analytics_fc"."main"."stg_tm_stats__dbt_tmp" as (
    ﻿WITH source AS (
    SELECT * FROM "analytics_fc"."raw"."tm_stats"
),

renamed AS (
    SELECT
        FifaIndex AS fifa_index,
        short_name,
        competition,
        club,
        games_played,
        goals,
        assists,
        minutes
    FROM source
)

SELECT * FROM renamed
  );

[0m16:30:08.081712 [debug] [Thread-1 (]: SQL status: OK in 0.001 seconds
[0m16:30:08.083459 [debug] [Thread-1 (]: Using duckdb connection "model.analytics_fc.stg_tm_stats"
[0m16:30:08.083726 [debug] [Thread-1 (]: On model.analytics_fc.stg_tm_stats: /* {"app": "dbt", "dbt_version": "1.12.5", "profile_name": "analytics_fc", "target_name": "dev", "node_id": "model.analytics_fc.stg_tm_stats"} */
alter view "analytics_fc"."main"."stg_tm_stats" rename to "stg_tm_stats__dbt_backup"
[0m16:30:08.084274 [debug] [Thread-1 (]: SQL status: OK in 0.000 seconds
[0m16:30:08.085779 [debug] [Thread-1 (]: Using duckdb connection "model.analytics_fc.stg_tm_stats"
[0m16:30:08.086039 [debug] [Thread-1 (]: On model.analytics_fc.stg_tm_stats: /* {"app": "dbt", "dbt_version": "1.12.5", "profile_name": "analytics_fc", "target_name": "dev", "node_id": "model.analytics_fc.stg_tm_stats"} */
alter view "analytics_fc"."main"."stg_tm_stats__dbt_tmp" rename to "stg_tm_stats"
[0m16:30:08.086515 [debug] [Thread-1 (]: SQL status: OK in 0.000 seconds
[0m16:30:08.087602 [debug] [Thread-1 (]: On model.analytics_fc.stg_tm_stats: COMMIT
[0m16:30:08.087844 [debug] [Thread-1 (]: Using duckdb connection "model.analytics_fc.stg_tm_stats"
[0m16:30:08.088045 [debug] [Thread-1 (]: On model.analytics_fc.stg_tm_stats: COMMIT
[0m16:30:08.089045 [debug] [Thread-1 (]: SQL status: OK in 0.001 seconds
[0m16:30:08.090151 [debug] [Thread-1 (]: Using duckdb connection "model.analytics_fc.stg_tm_stats"
[0m16:30:08.090390 [debug] [Thread-1 (]: On model.analytics_fc.stg_tm_stats: /* {"app": "dbt", "dbt_version": "1.12.5", "profile_name": "analytics_fc", "target_name": "dev", "node_id": "model.analytics_fc.stg_tm_stats"} */

      drop view if exists "analytics_fc"."main"."stg_tm_stats__dbt_backup" cascade
    
[0m16:30:08.091673 [debug] [Thread-1 (]: SQL status: OK in 0.001 seconds
[0m16:30:08.092589 [debug] [Thread-1 (]: On model.analytics_fc.stg_tm_stats: Close
[0m16:30:08.092994 [debug] [Thread-1 (]: Sending event: {'category': 'dbt', 'action': 'run_model', 'label': 'ddab7684-2e83-49ab-bb9d-a741b8642c12', 'context': [<snowplow_tracker.self_describing_json.SelfDescribingJson object at 0x000001D1394928E0>]}
[0m16:30:08.093437 [info ] [Thread-1 (]: 2 of 4 OK created sql view model main.stg_tm_stats ............................. [[32mOK[0m in 0.02s]
[0m16:30:08.093864 [debug] [Thread-1 (]: Finished running node model.analytics_fc.stg_tm_stats
[0m16:30:08.094116 [debug] [Thread-1 (]: Began running node model.analytics_fc.stg_tm_trophies
[0m16:30:08.094487 [info ] [Thread-1 (]: 3 of 4 START sql view model main.stg_tm_trophies ............................... [RUN]
[0m16:30:08.094809 [debug] [Thread-1 (]: Re-using an available connection from the pool (formerly model.analytics_fc.stg_tm_stats, now model.analytics_fc.stg_tm_trophies)
[0m16:30:08.095050 [debug] [Thread-1 (]: Began compiling node model.analytics_fc.stg_tm_trophies
[0m16:30:08.096546 [debug] [Thread-1 (]: Writing injected SQL for node "model.analytics_fc.stg_tm_trophies"
[0m16:30:08.097241 [debug] [Thread-1 (]: Began executing node model.analytics_fc.stg_tm_trophies
[0m16:30:08.099525 [debug] [Thread-1 (]: Writing runtime sql for node "model.analytics_fc.stg_tm_trophies"
[0m16:30:08.100276 [debug] [Thread-1 (]: Using duckdb connection "model.analytics_fc.stg_tm_trophies"
[0m16:30:08.100559 [debug] [Thread-1 (]: On model.analytics_fc.stg_tm_trophies: BEGIN
[0m16:30:08.100810 [debug] [Thread-1 (]: Opening a new connection, currently in state closed
[0m16:30:08.101335 [debug] [Thread-1 (]: SQL status: OK in 0.001 seconds
[0m16:30:08.101565 [debug] [Thread-1 (]: Using duckdb connection "model.analytics_fc.stg_tm_trophies"
[0m16:30:08.101785 [debug] [Thread-1 (]: On model.analytics_fc.stg_tm_trophies: /* {"app": "dbt", "dbt_version": "1.12.5", "profile_name": "analytics_fc", "target_name": "dev", "node_id": "model.analytics_fc.stg_tm_trophies"} */

  
  create view "analytics_fc"."main"."stg_tm_trophies__dbt_tmp" as (
    ﻿WITH source AS (
    SELECT * FROM "analytics_fc"."raw"."tm_trophies"
),

renamed AS (
    SELECT
        short_name,
        club,
        team_trophy,
        individual_trophy,
        trophy,
        year AS trophy_year
    FROM source
)

SELECT * FROM renamed
  );

[0m16:30:08.102476 [debug] [Thread-1 (]: SQL status: OK in 0.000 seconds
[0m16:30:08.104200 [debug] [Thread-1 (]: Using duckdb connection "model.analytics_fc.stg_tm_trophies"
[0m16:30:08.104494 [debug] [Thread-1 (]: On model.analytics_fc.stg_tm_trophies: /* {"app": "dbt", "dbt_version": "1.12.5", "profile_name": "analytics_fc", "target_name": "dev", "node_id": "model.analytics_fc.stg_tm_trophies"} */
alter view "analytics_fc"."main"."stg_tm_trophies" rename to "stg_tm_trophies__dbt_backup"
[0m16:30:08.105039 [debug] [Thread-1 (]: SQL status: OK in 0.000 seconds
[0m16:30:08.106562 [debug] [Thread-1 (]: Using duckdb connection "model.analytics_fc.stg_tm_trophies"
[0m16:30:08.106806 [debug] [Thread-1 (]: On model.analytics_fc.stg_tm_trophies: /* {"app": "dbt", "dbt_version": "1.12.5", "profile_name": "analytics_fc", "target_name": "dev", "node_id": "model.analytics_fc.stg_tm_trophies"} */
alter view "analytics_fc"."main"."stg_tm_trophies__dbt_tmp" rename to "stg_tm_trophies"
[0m16:30:08.107301 [debug] [Thread-1 (]: SQL status: OK in 0.000 seconds
[0m16:30:08.108372 [debug] [Thread-1 (]: On model.analytics_fc.stg_tm_trophies: COMMIT
[0m16:30:08.108623 [debug] [Thread-1 (]: Using duckdb connection "model.analytics_fc.stg_tm_trophies"
[0m16:30:08.108829 [debug] [Thread-1 (]: On model.analytics_fc.stg_tm_trophies: COMMIT
[0m16:30:08.109984 [debug] [Thread-1 (]: SQL status: OK in 0.001 seconds
[0m16:30:08.111245 [debug] [Thread-1 (]: Using duckdb connection "model.analytics_fc.stg_tm_trophies"
[0m16:30:08.111594 [debug] [Thread-1 (]: On model.analytics_fc.stg_tm_trophies: /* {"app": "dbt", "dbt_version": "1.12.5", "profile_name": "analytics_fc", "target_name": "dev", "node_id": "model.analytics_fc.stg_tm_trophies"} */

      drop view if exists "analytics_fc"."main"."stg_tm_trophies__dbt_backup" cascade
    
[0m16:30:08.112655 [debug] [Thread-1 (]: SQL status: OK in 0.001 seconds
[0m16:30:08.113644 [debug] [Thread-1 (]: On model.analytics_fc.stg_tm_trophies: Close
[0m16:30:08.114057 [debug] [Thread-1 (]: Sending event: {'category': 'dbt', 'action': 'run_model', 'label': 'ddab7684-2e83-49ab-bb9d-a741b8642c12', 'context': [<snowplow_tracker.self_describing_json.SelfDescribingJson object at 0x000001D139864370>]}
[0m16:30:08.114540 [info ] [Thread-1 (]: 3 of 4 OK created sql view model main.stg_tm_trophies .......................... [[32mOK[0m in 0.02s]
[0m16:30:08.114951 [debug] [Thread-1 (]: Finished running node model.analytics_fc.stg_tm_trophies
[0m16:30:08.115226 [debug] [Thread-1 (]: Began running node model.analytics_fc.mart_pattern_maker
[0m16:30:08.115595 [info ] [Thread-1 (]: 4 of 4 START sql table model main.mart_pattern_maker ........................... [RUN]
[0m16:30:08.115988 [debug] [Thread-1 (]: Re-using an available connection from the pool (formerly model.analytics_fc.stg_tm_trophies, now model.analytics_fc.mart_pattern_maker)
[0m16:30:08.116254 [debug] [Thread-1 (]: Began compiling node model.analytics_fc.mart_pattern_maker
[0m16:30:08.117816 [debug] [Thread-1 (]: Writing injected SQL for node "model.analytics_fc.mart_pattern_maker"
[0m16:30:08.118733 [debug] [Thread-1 (]: Began executing node model.analytics_fc.mart_pattern_maker
[0m16:30:08.144008 [debug] [Thread-1 (]: Writing runtime sql for node "model.analytics_fc.mart_pattern_maker"
[0m16:30:08.145114 [debug] [Thread-1 (]: Using duckdb connection "model.analytics_fc.mart_pattern_maker"
[0m16:30:08.145418 [debug] [Thread-1 (]: On model.analytics_fc.mart_pattern_maker: BEGIN
[0m16:30:08.145641 [debug] [Thread-1 (]: Opening a new connection, currently in state closed
[0m16:30:08.146173 [debug] [Thread-1 (]: SQL status: OK in 0.000 seconds
[0m16:30:08.146429 [debug] [Thread-1 (]: Using duckdb connection "model.analytics_fc.mart_pattern_maker"
[0m16:30:08.146693 [debug] [Thread-1 (]: On model.analytics_fc.mart_pattern_maker: /* {"app": "dbt", "dbt_version": "1.12.5", "profile_name": "analytics_fc", "target_name": "dev", "node_id": "model.analytics_fc.mart_pattern_maker"} */

    

    create  table
      "analytics_fc"."main"."mart_pattern_maker__dbt_tmp"
  
    
    as (
      ﻿-- Level 1 & 2: Pattern Maker (Multi-Indicator SCDIs)
-- Calculates the Pearson Correlation across multiple traits (Overall, Potential, Minutes)
-- and filters for pairs that strongly correlate on ALL indicators.

WITH base AS (
    SELECT 
        player_id, 
        short_name,
        age, 
        overall,
        max_potential,
        minutes
    FROM "analytics_fc"."main"."stg_fifatable"
    WHERE age BETWEEN 18 AND 21
),

-- Ensure 4 years of data
complete_trajectories AS (
    SELECT player_id
    FROM base
    GROUP BY player_id
    HAVING COUNT(*) = 4
),

filtered_base AS (
    SELECT b.*
    FROM base b
    INNER JOIN complete_trajectories ct ON b.player_id = ct.player_id
),

trajectory_pairs AS (
    SELECT 
        a.player_id AS player_a_id,
        a.short_name AS player_a_name,
        b.player_id AS player_b_id,
        b.short_name AS player_b_name,
        a.age,
        a.overall AS overall_a, b.overall AS overall_b,
        a.max_potential AS pot_a, b.max_potential AS pot_b,
        a.minutes AS min_a, b.minutes AS min_b
    FROM filtered_base a
    INNER JOIN filtered_base b ON a.age = b.age
    WHERE a.player_id < b.player_id
)

SELECT 
    player_a_id,
    player_a_name,
    player_b_id,
    player_b_name,
    CORR(overall_a, overall_b) AS scdi_overall,
    CORR(pot_a, pot_b) AS scdi_potential,
    CORR(min_a, min_b) AS scdi_minutes
FROM trajectory_pairs
GROUP BY 
    player_a_id, player_a_name, player_b_id, player_b_name
-- Level 2 Pattern Filter: Must strongly correlate across multiple traits
HAVING CORR(overall_a, overall_b) >= 0.85
   AND CORR(pot_a, pot_b) >= 0.80
    );
    
  
[0m16:30:08.159167 [debug] [Thread-1 (]: SQL status: OK in 0.012 seconds
[0m16:30:08.161133 [debug] [Thread-1 (]: Using duckdb connection "model.analytics_fc.mart_pattern_maker"
[0m16:30:08.161416 [debug] [Thread-1 (]: On model.analytics_fc.mart_pattern_maker: /* {"app": "dbt", "dbt_version": "1.12.5", "profile_name": "analytics_fc", "target_name": "dev", "node_id": "model.analytics_fc.mart_pattern_maker"} */
alter table "analytics_fc"."main"."mart_pattern_maker__dbt_tmp" rename to "mart_pattern_maker"
[0m16:30:08.162028 [debug] [Thread-1 (]: SQL status: OK in 0.000 seconds
[0m16:30:08.165600 [debug] [Thread-1 (]: On model.analytics_fc.mart_pattern_maker: COMMIT
[0m16:30:08.165944 [debug] [Thread-1 (]: Using duckdb connection "model.analytics_fc.mart_pattern_maker"
[0m16:30:08.166195 [debug] [Thread-1 (]: On model.analytics_fc.mart_pattern_maker: COMMIT
[0m16:30:08.167231 [debug] [Thread-1 (]: SQL status: OK in 0.001 seconds
[0m16:30:08.168283 [debug] [Thread-1 (]: Using duckdb connection "model.analytics_fc.mart_pattern_maker"
[0m16:30:08.168515 [debug] [Thread-1 (]: On model.analytics_fc.mart_pattern_maker: /* {"app": "dbt", "dbt_version": "1.12.5", "profile_name": "analytics_fc", "target_name": "dev", "node_id": "model.analytics_fc.mart_pattern_maker"} */

      drop table if exists "analytics_fc"."main"."mart_pattern_maker__dbt_backup" cascade
    
[0m16:30:08.168952 [debug] [Thread-1 (]: SQL status: OK in 0.000 seconds
[0m16:30:08.169822 [debug] [Thread-1 (]: On model.analytics_fc.mart_pattern_maker: Close
[0m16:30:08.170224 [debug] [Thread-1 (]: Sending event: {'category': 'dbt', 'action': 'run_model', 'label': 'ddab7684-2e83-49ab-bb9d-a741b8642c12', 'context': [<snowplow_tracker.self_describing_json.SelfDescribingJson object at 0x000001D1391FC3D0>]}
[0m16:30:08.170658 [info ] [Thread-1 (]: 4 of 4 OK created sql table model main.mart_pattern_maker ...................... [[32mOK[0m in 0.05s]
[0m16:30:08.171116 [debug] [Thread-1 (]: Finished running node model.analytics_fc.mart_pattern_maker
[0m16:30:08.172203 [debug] [MainThread]: Using duckdb connection "master"
[0m16:30:08.172471 [debug] [MainThread]: On master: BEGIN
[0m16:30:08.172676 [debug] [MainThread]: Opening a new connection, currently in state closed
[0m16:30:08.173120 [debug] [MainThread]: SQL status: OK in 0.000 seconds
[0m16:30:08.173434 [debug] [MainThread]: On master: COMMIT
[0m16:30:08.173691 [debug] [MainThread]: Using duckdb connection "master"
[0m16:30:08.173895 [debug] [MainThread]: On master: COMMIT
[0m16:30:08.174252 [debug] [MainThread]: SQL status: OK in 0.000 seconds
[0m16:30:08.174450 [debug] [MainThread]: On master: Close
[0m16:30:08.174735 [debug] [MainThread]: Connection 'master' was properly closed.
[0m16:30:08.174910 [debug] [MainThread]: Connection 'create_analytics_fc_main' was properly closed.
[0m16:30:08.175054 [debug] [MainThread]: Connection 'list_analytics_fc_main' was properly closed.
[0m16:30:08.175212 [debug] [MainThread]: Connection 'model.analytics_fc.mart_pattern_maker' was properly closed.
[0m16:30:08.175466 [info ] [MainThread]: 
[0m16:30:08.175696 [info ] [MainThread]: Finished running 1 table model, 3 view models in 0 hours 0 minutes and 0.26 seconds (0.26s).
[0m16:30:08.176407 [debug] [MainThread]: Command end result
[0m16:30:08.201514 [debug] [MainThread]: Wrote artifact WritableManifest to C:\Users\AminE\Documents\Fifa Project\analytics-fc\dbt_project\target\manifest.json
[0m16:30:08.204988 [debug] [MainThread]: Wrote artifact SemanticManifest to C:\Users\AminE\Documents\Fifa Project\analytics-fc\dbt_project\target\semantic_manifest.json
[0m16:30:08.208005 [debug] [MainThread]: Wrote artifact OsiDocument to C:\Users\AminE\Documents\Fifa Project\analytics-fc\dbt_project\target\osi_document.json
[0m16:30:08.214126 [debug] [MainThread]: Wrote artifact RunExecutionResult to C:\Users\AminE\Documents\Fifa Project\analytics-fc\dbt_project\target\run_results.json
[0m16:30:08.214596 [info ] [MainThread]: 
[0m16:30:08.214934 [info ] [MainThread]: [32mCompleted successfully[0m
[0m16:30:08.215172 [info ] [MainThread]: 
[0m16:30:08.215401 [info ] [MainThread]: Done. PASS=4 WARN=0 ERROR=0 SKIP=0 NO-OP=0 REUSED=0 TOTAL=4
[0m16:30:08.216201 [debug] [MainThread]: Command `dbt run` succeeded at 16:30:08.216069 after 1.27 seconds
[0m16:30:08.216537 [debug] [MainThread]: Sending event: {'category': 'dbt', 'action': 'invocation', 'label': 'end', 'context': [<snowplow_tracker.self_describing_json.SelfDescribingJson object at 0x000001D138BB3A80>, <snowplow_tracker.self_describing_json.SelfDescribingJson object at 0x000001D138967070>, <snowplow_tracker.self_describing_json.SelfDescribingJson object at 0x000001D135FB6570>]}
[0m16:30:08.216842 [debug] [MainThread]: Flushing usage events
[0m16:30:08.967146 [debug] [MainThread]: An error was encountered while trying to flush usage events
[0m16:51:01.709261 [debug] [MainThread]: Sending event: {'category': 'dbt', 'action': 'invocation', 'label': 'start', 'context': [<snowplow_tracker.self_describing_json.SelfDescribingJson object at 0x000001A6A3F26660>, <snowplow_tracker.self_describing_json.SelfDescribingJson object at 0x000001A6A659FED0>, <snowplow_tracker.self_describing_json.SelfDescribingJson object at 0x000001A6A659FC50>]}


============================== 16:51:01.713324 | b1f049cc-2c19-40a9-a243-9bd78368148c ==============================
[0m16:51:01.713324 [info ] [MainThread]: Running with dbt=1.12.5
[0m16:51:01.713878 [debug] [MainThread]: running dbt with arguments {'static_parser': 'True', 'no_print': 'None', 'version_check': 'True', 'target_path': 'None', 'warn_error_options': 'WarnErrorOptionsV2(error=[], warn=[], silence=[])', 'maximum_seed_size_mib': '1', 'printer_width': '80', 'write_json': 'True', 'introspect': 'True', 'log_cache_events': 'False', 'empty': 'False', 'cache_selected_only': 'False', 'fail_fast': 'False', 'debug': 'False', 'log_format': 'default', 'partial_parse': 'True', 'send_anonymous_usage_stats': 'True', 'quiet': 'False', 'warn_error': 'None', 'profiles_dir': 'C:\\Users\\AminE\\Documents\\Fifa Project\\analytics-fc\\dbt_project', 'indirect_selection': 'eager', 'hints_enabled': 'True', 'use_colors': 'True', 'use_experimental_parser': 'False', 'invocation_command': 'dbt run', 'log_path': 'C:\\Users\\AminE\\Documents\\Fifa Project\\analytics-fc\\dbt_project\\logs'}
[0m16:51:01.898067 [debug] [MainThread]: Sending event: {'category': 'dbt', 'action': 'project_id', 'label': 'b1f049cc-2c19-40a9-a243-9bd78368148c', 'context': [<snowplow_tracker.self_describing_json.SelfDescribingJson object at 0x000001A6A446E8B0>]}
[0m16:51:01.951164 [debug] [MainThread]: Sending event: {'category': 'dbt', 'action': 'adapter_info', 'label': 'b1f049cc-2c19-40a9-a243-9bd78368148c', 'context': [<snowplow_tracker.self_describing_json.SelfDescribingJson object at 0x000001A6A25E4160>]}
[0m16:51:01.953614 [info ] [MainThread]: Registered adapter: duckdb=1.11.0
[0m16:51:02.084572 [debug] [MainThread]: checksum: 7119ea9ea0a8c0e9670f38f33f87c32becf9f2d7f739bdc9a20c0de7769a393a, vars: {}, profile: analytics_fc, target: dev, version: 1.12.5
[0m16:51:02.245476 [debug] [MainThread]: Partial parsing enabled: 0 files deleted, 1 files added, 0 files changed.
[0m16:51:02.245985 [debug] [MainThread]: Partial parsing: added file: analytics_fc://models\marts\cascade\mart_recipe_maker.sql
[0m16:51:02.481884 [debug] [MainThread]: Sending event: {'category': 'dbt', 'action': 'load_project', 'label': 'b1f049cc-2c19-40a9-a243-9bd78368148c', 'context': [<snowplow_tracker.self_describing_json.SelfDescribingJson object at 0x000001A6A6CFCF50>]}
[0m16:51:02.551171 [debug] [MainThread]: Wrote artifact WritableManifest to C:\Users\AminE\Documents\Fifa Project\analytics-fc\dbt_project\target\manifest.json
[0m16:51:02.553880 [debug] [MainThread]: Wrote artifact SemanticManifest to C:\Users\AminE\Documents\Fifa Project\analytics-fc\dbt_project\target\semantic_manifest.json
[0m16:51:02.576670 [debug] [MainThread]: Wrote artifact OsiDocument to C:\Users\AminE\Documents\Fifa Project\analytics-fc\dbt_project\target\osi_document.json
[0m16:51:02.587574 [debug] [MainThread]: Sending event: {'category': 'dbt', 'action': 'resource_counts', 'label': 'b1f049cc-2c19-40a9-a243-9bd78368148c', 'context': [<snowplow_tracker.self_describing_json.SelfDescribingJson object at 0x000001A6A6DBAC60>]}
[0m16:51:02.588016 [info ] [MainThread]: Found 5 models, 3 sources, 500 macros
[0m16:51:02.588316 [debug] [MainThread]: Sending event: {'category': 'dbt', 'action': 'runnable_timing', 'label': 'b1f049cc-2c19-40a9-a243-9bd78368148c', 'context': [<snowplow_tracker.self_describing_json.SelfDescribingJson object at 0x000001A6A6E26270>]}
[0m16:51:02.589928 [info ] [MainThread]: 
[0m16:51:02.590232 [info ] [MainThread]: Concurrency: 1 threads (target='dev')
[0m16:51:02.590467 [info ] [MainThread]: 
[0m16:51:02.590863 [debug] [MainThread]: Acquiring new duckdb connection 'master'
[0m16:51:02.595154 [debug] [ThreadPool]: Acquiring new duckdb connection 'list_analytics_fc'
[0m16:51:02.633544 [debug] [ThreadPool]: Using duckdb connection "list_analytics_fc"
[0m16:51:02.633926 [debug] [ThreadPool]: On list_analytics_fc: /* {"app": "dbt", "dbt_version": "1.12.5", "profile_name": "analytics_fc", "target_name": "dev", "connection_name": "list_analytics_fc"} */

    
    select schema_name
    from system.information_schema.schemata
    
    where lower(catalog_name) = '"analytics_fc"'
    
  
  
[0m16:51:02.634145 [debug] [ThreadPool]: Opening a new connection, currently in state init
[0m16:51:02.664551 [debug] [ThreadPool]: SQL status: OK in 0.030 seconds
[0m16:51:02.665777 [debug] [ThreadPool]: On list_analytics_fc: Close
[0m16:51:02.666528 [debug] [ThreadPool]: Re-using an available connection from the pool (formerly list_analytics_fc, now create_analytics_fc_main)
[0m16:51:02.666896 [debug] [ThreadPool]: Creating schema "database: "analytics_fc"
schema: "main"
"
[0m16:51:02.671912 [debug] [ThreadPool]: Using duckdb connection "create_analytics_fc_main"
[0m16:51:02.672162 [debug] [ThreadPool]: On create_analytics_fc_main: /* {"app": "dbt", "dbt_version": "1.12.5", "profile_name": "analytics_fc", "target_name": "dev", "connection_name": "create_analytics_fc_main"} */

    
        select type from duckdb_databases()
        where lower(database_name)='analytics_fc'
        and type != 'duckdb'
    
  
[0m16:51:02.672359 [debug] [ThreadPool]: Opening a new connection, currently in state closed
[0m16:51:02.673085 [debug] [ThreadPool]: SQL status: OK in 0.001 seconds
[0m16:51:02.673934 [debug] [ThreadPool]: Using duckdb connection "create_analytics_fc_main"
[0m16:51:02.674167 [debug] [ThreadPool]: On create_analytics_fc_main: BEGIN
[0m16:51:02.674503 [debug] [ThreadPool]: SQL status: OK in 0.000 seconds
[0m16:51:02.674702 [debug] [ThreadPool]: Using duckdb connection "create_analytics_fc_main"
[0m16:51:02.674913 [debug] [ThreadPool]: On create_analytics_fc_main: /* {"app": "dbt", "dbt_version": "1.12.5", "profile_name": "analytics_fc", "target_name": "dev", "connection_name": "create_analytics_fc_main"} */

    
    
        create schema if not exists "analytics_fc"."main"
    
[0m16:51:02.675399 [debug] [ThreadPool]: SQL status: OK in 0.000 seconds
[0m16:51:02.676137 [debug] [ThreadPool]: On create_analytics_fc_main: COMMIT
[0m16:51:02.676410 [debug] [ThreadPool]: Using duckdb connection "create_analytics_fc_main"
[0m16:51:02.676607 [debug] [ThreadPool]: On create_analytics_fc_main: COMMIT
[0m16:51:02.676924 [debug] [ThreadPool]: SQL status: OK in 0.000 seconds
[0m16:51:02.677121 [debug] [ThreadPool]: On create_analytics_fc_main: Close
[0m16:51:02.678427 [debug] [ThreadPool]: Acquiring new duckdb connection 'list_analytics_fc_main'
[0m16:51:02.681601 [debug] [ThreadPool]: Using duckdb connection "list_analytics_fc_main"
[0m16:51:02.681927 [debug] [ThreadPool]: On list_analytics_fc_main: BEGIN
[0m16:51:02.682159 [debug] [ThreadPool]: Opening a new connection, currently in state init
[0m16:51:02.682568 [debug] [ThreadPool]: SQL status: OK in 0.000 seconds
[0m16:51:02.682778 [debug] [ThreadPool]: Using duckdb connection "list_analytics_fc_main"
[0m16:51:02.682961 [debug] [ThreadPool]: On list_analytics_fc_main: /* {"app": "dbt", "dbt_version": "1.12.5", "profile_name": "analytics_fc", "target_name": "dev", "connection_name": "list_analytics_fc_main"} */
select
      'analytics_fc' as database,
      table_name as name,
      table_schema as schema,
      CASE table_type
        WHEN 'BASE TABLE' THEN 'table'
        WHEN 'VIEW' THEN 'view'
        WHEN 'LOCAL TEMPORARY' THEN 'table'
        END as type
    from system.information_schema.tables
    where lower(table_schema) = 'main'
    and lower(table_catalog) = 'analytics_fc'
  
[0m16:51:02.685663 [debug] [ThreadPool]: SQL status: OK in 0.003 seconds
[0m16:51:02.686575 [debug] [ThreadPool]: On list_analytics_fc_main: ROLLBACK
[0m16:51:02.686948 [debug] [ThreadPool]: On list_analytics_fc_main: Close
[0m16:51:02.688060 [debug] [MainThread]: Sending event: {'category': 'dbt', 'action': 'runnable_timing', 'label': 'b1f049cc-2c19-40a9-a243-9bd78368148c', 'context': [<snowplow_tracker.self_describing_json.SelfDescribingJson object at 0x000001A6A7037D40>]}
[0m16:51:02.688375 [debug] [MainThread]: Using duckdb connection "master"
[0m16:51:02.688569 [debug] [MainThread]: On master: BEGIN
[0m16:51:02.688737 [debug] [MainThread]: Opening a new connection, currently in state init
[0m16:51:02.689123 [debug] [MainThread]: SQL status: OK in 0.000 seconds
[0m16:51:02.689352 [debug] [MainThread]: On master: COMMIT
[0m16:51:02.689519 [debug] [MainThread]: Using duckdb connection "master"
[0m16:51:02.689669 [debug] [MainThread]: On master: COMMIT
[0m16:51:02.689984 [debug] [MainThread]: SQL status: OK in 0.000 seconds
[0m16:51:02.690219 [debug] [MainThread]: On master: Close
[0m16:51:02.692856 [debug] [Thread-1 (]: Began running node model.analytics_fc.stg_fifatable
[0m16:51:02.693239 [info ] [Thread-1 (]: 1 of 5 START sql view model main.stg_fifatable ................................. [RUN]
[0m16:51:02.693659 [debug] [Thread-1 (]: Acquiring new duckdb connection 'model.analytics_fc.stg_fifatable'
[0m16:51:02.693885 [debug] [Thread-1 (]: Began compiling node model.analytics_fc.stg_fifatable
[0m16:51:02.698383 [debug] [Thread-1 (]: Writing injected SQL for node "model.analytics_fc.stg_fifatable"
[0m16:51:02.699180 [debug] [Thread-1 (]: Began executing node model.analytics_fc.stg_fifatable
[0m16:51:02.720972 [debug] [Thread-1 (]: Writing runtime sql for node "model.analytics_fc.stg_fifatable"
[0m16:51:02.721904 [debug] [Thread-1 (]: Using duckdb connection "model.analytics_fc.stg_fifatable"
[0m16:51:02.722208 [debug] [Thread-1 (]: On model.analytics_fc.stg_fifatable: BEGIN
[0m16:51:02.722518 [debug] [Thread-1 (]: Opening a new connection, currently in state init
[0m16:51:02.723327 [debug] [Thread-1 (]: SQL status: OK in 0.001 seconds
[0m16:51:02.723660 [debug] [Thread-1 (]: Using duckdb connection "model.analytics_fc.stg_fifatable"
[0m16:51:02.724027 [debug] [Thread-1 (]: On model.analytics_fc.stg_fifatable: /* {"app": "dbt", "dbt_version": "1.12.5", "profile_name": "analytics_fc", "target_name": "dev", "node_id": "model.analytics_fc.stg_fifatable"} */

  
  create view "analytics_fc"."main"."stg_fifatable__dbt_tmp" as (
    ﻿WITH source AS (
    SELECT * FROM "analytics_fc"."raw"."fifatable"
),

renamed AS (
    SELECT
        player_id,
        Fifa_year AS fifa_edition_year,
        TRY_CAST(age AS INTEGER) AS age,
        short_name,
        long_name,
        nationality,
        club,
        position,
        TRY_CAST(overall AS INTEGER) AS overall,
        TRY_CAST(max_potential AS INTEGER) AS max_potential,
        TRY_CAST(minutes AS INTEGER) AS minutes,
        TRY_CAST(goals AS INTEGER) AS goals
    FROM source
)

SELECT * FROM renamed
  );

[0m16:51:02.725258 [debug] [Thread-1 (]: SQL status: OK in 0.001 seconds
[0m16:51:02.729306 [debug] [Thread-1 (]: Using duckdb connection "model.analytics_fc.stg_fifatable"
[0m16:51:02.729562 [debug] [Thread-1 (]: On model.analytics_fc.stg_fifatable: /* {"app": "dbt", "dbt_version": "1.12.5", "profile_name": "analytics_fc", "target_name": "dev", "node_id": "model.analytics_fc.stg_fifatable"} */
alter view "analytics_fc"."main"."stg_fifatable" rename to "stg_fifatable__dbt_backup"
[0m16:51:02.730061 [debug] [Thread-1 (]: SQL status: OK in 0.000 seconds
[0m16:51:02.731793 [debug] [Thread-1 (]: Using duckdb connection "model.analytics_fc.stg_fifatable"
[0m16:51:02.732040 [debug] [Thread-1 (]: On model.analytics_fc.stg_fifatable: /* {"app": "dbt", "dbt_version": "1.12.5", "profile_name": "analytics_fc", "target_name": "dev", "node_id": "model.analytics_fc.stg_fifatable"} */
alter view "analytics_fc"."main"."stg_fifatable__dbt_tmp" rename to "stg_fifatable"
[0m16:51:02.732497 [debug] [Thread-1 (]: SQL status: OK in 0.000 seconds
[0m16:51:02.741863 [debug] [Thread-1 (]: On model.analytics_fc.stg_fifatable: COMMIT
[0m16:51:02.742194 [debug] [Thread-1 (]: Using duckdb connection "model.analytics_fc.stg_fifatable"
[0m16:51:02.742433 [debug] [Thread-1 (]: On model.analytics_fc.stg_fifatable: COMMIT
[0m16:51:02.744206 [debug] [Thread-1 (]: SQL status: OK in 0.002 seconds
[0m16:51:02.748235 [debug] [Thread-1 (]: Using duckdb connection "model.analytics_fc.stg_fifatable"
[0m16:51:02.748505 [debug] [Thread-1 (]: On model.analytics_fc.stg_fifatable: /* {"app": "dbt", "dbt_version": "1.12.5", "profile_name": "analytics_fc", "target_name": "dev", "node_id": "model.analytics_fc.stg_fifatable"} */

      drop view if exists "analytics_fc"."main"."stg_fifatable__dbt_backup" cascade
    
[0m16:51:02.749495 [debug] [Thread-1 (]: SQL status: OK in 0.001 seconds
[0m16:51:02.751216 [debug] [Thread-1 (]: On model.analytics_fc.stg_fifatable: Close
[0m16:51:02.752923 [debug] [Thread-1 (]: Sending event: {'category': 'dbt', 'action': 'run_model', 'label': 'b1f049cc-2c19-40a9-a243-9bd78368148c', 'context': [<snowplow_tracker.self_describing_json.SelfDescribingJson object at 0x000001A6A71CC350>]}
[0m16:51:02.753403 [info ] [Thread-1 (]: 1 of 5 OK created sql view model main.stg_fifatable ............................ [[32mOK[0m in 0.06s]
[0m16:51:02.754002 [debug] [Thread-1 (]: Finished running node model.analytics_fc.stg_fifatable
[0m16:51:02.754320 [debug] [Thread-1 (]: Began running node model.analytics_fc.stg_tm_stats
[0m16:51:02.754812 [info ] [Thread-1 (]: 2 of 5 START sql view model main.stg_tm_stats .................................. [RUN]
[0m16:51:02.755243 [debug] [Thread-1 (]: Re-using an available connection from the pool (formerly model.analytics_fc.stg_fifatable, now model.analytics_fc.stg_tm_stats)
[0m16:51:02.755511 [debug] [Thread-1 (]: Began compiling node model.analytics_fc.stg_tm_stats
[0m16:51:02.757015 [debug] [Thread-1 (]: Writing injected SQL for node "model.analytics_fc.stg_tm_stats"
[0m16:51:02.757766 [debug] [Thread-1 (]: Began executing node model.analytics_fc.stg_tm_stats
[0m16:51:02.760512 [debug] [Thread-1 (]: Writing runtime sql for node "model.analytics_fc.stg_tm_stats"
[0m16:51:02.761364 [debug] [Thread-1 (]: Using duckdb connection "model.analytics_fc.stg_tm_stats"
[0m16:51:02.761652 [debug] [Thread-1 (]: On model.analytics_fc.stg_tm_stats: BEGIN
[0m16:51:02.761895 [debug] [Thread-1 (]: Opening a new connection, currently in state closed
[0m16:51:02.762432 [debug] [Thread-1 (]: SQL status: OK in 0.001 seconds
[0m16:51:02.762680 [debug] [Thread-1 (]: Using duckdb connection "model.analytics_fc.stg_tm_stats"
[0m16:51:02.762929 [debug] [Thread-1 (]: On model.analytics_fc.stg_tm_stats: /* {"app": "dbt", "dbt_version": "1.12.5", "profile_name": "analytics_fc", "target_name": "dev", "node_id": "model.analytics_fc.stg_tm_stats"} */

  
  create view "analytics_fc"."main"."stg_tm_stats__dbt_tmp" as (
    ﻿WITH source AS (
    SELECT * FROM "analytics_fc"."raw"."tm_stats"
),

renamed AS (
    SELECT
        FifaIndex AS fifa_index,
        short_name,
        competition,
        club,
        games_played,
        goals,
        assists,
        minutes
    FROM source
)

SELECT * FROM renamed
  );

[0m16:51:02.763689 [debug] [Thread-1 (]: SQL status: OK in 0.000 seconds
[0m16:51:02.765639 [debug] [Thread-1 (]: Using duckdb connection "model.analytics_fc.stg_tm_stats"
[0m16:51:02.765933 [debug] [Thread-1 (]: On model.analytics_fc.stg_tm_stats: /* {"app": "dbt", "dbt_version": "1.12.5", "profile_name": "analytics_fc", "target_name": "dev", "node_id": "model.analytics_fc.stg_tm_stats"} */
alter view "analytics_fc"."main"."stg_tm_stats" rename to "stg_tm_stats__dbt_backup"
[0m16:51:02.766759 [debug] [Thread-1 (]: SQL status: OK in 0.000 seconds
[0m16:51:02.768396 [debug] [Thread-1 (]: Using duckdb connection "model.analytics_fc.stg_tm_stats"
[0m16:51:02.768717 [debug] [Thread-1 (]: On model.analytics_fc.stg_tm_stats: /* {"app": "dbt", "dbt_version": "1.12.5", "profile_name": "analytics_fc", "target_name": "dev", "node_id": "model.analytics_fc.stg_tm_stats"} */
alter view "analytics_fc"."main"."stg_tm_stats__dbt_tmp" rename to "stg_tm_stats"
[0m16:51:02.769319 [debug] [Thread-1 (]: SQL status: OK in 0.000 seconds
[0m16:51:02.770429 [debug] [Thread-1 (]: On model.analytics_fc.stg_tm_stats: COMMIT
[0m16:51:02.770697 [debug] [Thread-1 (]: Using duckdb connection "model.analytics_fc.stg_tm_stats"
[0m16:51:02.770909 [debug] [Thread-1 (]: On model.analytics_fc.stg_tm_stats: COMMIT
[0m16:51:02.771957 [debug] [Thread-1 (]: SQL status: OK in 0.001 seconds
[0m16:51:02.773150 [debug] [Thread-1 (]: Using duckdb connection "model.analytics_fc.stg_tm_stats"
[0m16:51:02.773397 [debug] [Thread-1 (]: On model.analytics_fc.stg_tm_stats: /* {"app": "dbt", "dbt_version": "1.12.5", "profile_name": "analytics_fc", "target_name": "dev", "node_id": "model.analytics_fc.stg_tm_stats"} */

      drop view if exists "analytics_fc"."main"."stg_tm_stats__dbt_backup" cascade
    
[0m16:51:02.774594 [debug] [Thread-1 (]: SQL status: OK in 0.001 seconds
[0m16:51:02.775613 [debug] [Thread-1 (]: On model.analytics_fc.stg_tm_stats: Close
[0m16:51:02.776064 [debug] [Thread-1 (]: Sending event: {'category': 'dbt', 'action': 'run_model', 'label': 'b1f049cc-2c19-40a9-a243-9bd78368148c', 'context': [<snowplow_tracker.self_describing_json.SelfDescribingJson object at 0x000001A6A6E5E8E0>]}
[0m16:51:02.776506 [info ] [Thread-1 (]: 2 of 5 OK created sql view model main.stg_tm_stats ............................. [[32mOK[0m in 0.02s]
[0m16:51:02.776948 [debug] [Thread-1 (]: Finished running node model.analytics_fc.stg_tm_stats
[0m16:51:02.777269 [debug] [Thread-1 (]: Began running node model.analytics_fc.stg_tm_trophies
[0m16:51:02.777698 [info ] [Thread-1 (]: 3 of 5 START sql view model main.stg_tm_trophies ............................... [RUN]
[0m16:51:02.778134 [debug] [Thread-1 (]: Re-using an available connection from the pool (formerly model.analytics_fc.stg_tm_stats, now model.analytics_fc.stg_tm_trophies)
[0m16:51:02.778427 [debug] [Thread-1 (]: Began compiling node model.analytics_fc.stg_tm_trophies
[0m16:51:02.781665 [debug] [Thread-1 (]: Writing injected SQL for node "model.analytics_fc.stg_tm_trophies"
[0m16:51:02.783155 [debug] [Thread-1 (]: Began executing node model.analytics_fc.stg_tm_trophies
[0m16:51:02.785958 [debug] [Thread-1 (]: Writing runtime sql for node "model.analytics_fc.stg_tm_trophies"
[0m16:51:02.786834 [debug] [Thread-1 (]: Using duckdb connection "model.analytics_fc.stg_tm_trophies"
[0m16:51:02.787163 [debug] [Thread-1 (]: On model.analytics_fc.stg_tm_trophies: BEGIN
[0m16:51:02.787405 [debug] [Thread-1 (]: Opening a new connection, currently in state closed
[0m16:51:02.788004 [debug] [Thread-1 (]: SQL status: OK in 0.001 seconds
[0m16:51:02.788255 [debug] [Thread-1 (]: Using duckdb connection "model.analytics_fc.stg_tm_trophies"
[0m16:51:02.788533 [debug] [Thread-1 (]: On model.analytics_fc.stg_tm_trophies: /* {"app": "dbt", "dbt_version": "1.12.5", "profile_name": "analytics_fc", "target_name": "dev", "node_id": "model.analytics_fc.stg_tm_trophies"} */

  
  create view "analytics_fc"."main"."stg_tm_trophies__dbt_tmp" as (
    ﻿WITH source AS (
    SELECT * FROM "analytics_fc"."raw"."tm_trophies"
),

renamed AS (
    SELECT
        short_name,
        club,
        team_trophy,
        individual_trophy,
        trophy,
        year AS trophy_year
    FROM source
)

SELECT * FROM renamed
  );

[0m16:51:02.789226 [debug] [Thread-1 (]: SQL status: OK in 0.000 seconds
[0m16:51:02.790835 [debug] [Thread-1 (]: Using duckdb connection "model.analytics_fc.stg_tm_trophies"
[0m16:51:02.791082 [debug] [Thread-1 (]: On model.analytics_fc.stg_tm_trophies: /* {"app": "dbt", "dbt_version": "1.12.5", "profile_name": "analytics_fc", "target_name": "dev", "node_id": "model.analytics_fc.stg_tm_trophies"} */
alter view "analytics_fc"."main"."stg_tm_trophies" rename to "stg_tm_trophies__dbt_backup"
[0m16:51:02.791553 [debug] [Thread-1 (]: SQL status: OK in 0.000 seconds
[0m16:51:02.793064 [debug] [Thread-1 (]: Using duckdb connection "model.analytics_fc.stg_tm_trophies"
[0m16:51:02.793354 [debug] [Thread-1 (]: On model.analytics_fc.stg_tm_trophies: /* {"app": "dbt", "dbt_version": "1.12.5", "profile_name": "analytics_fc", "target_name": "dev", "node_id": "model.analytics_fc.stg_tm_trophies"} */
alter view "analytics_fc"."main"."stg_tm_trophies__dbt_tmp" rename to "stg_tm_trophies"
[0m16:51:02.793858 [debug] [Thread-1 (]: SQL status: OK in 0.000 seconds
[0m16:51:02.794992 [debug] [Thread-1 (]: On model.analytics_fc.stg_tm_trophies: COMMIT
[0m16:51:02.795269 [debug] [Thread-1 (]: Using duckdb connection "model.analytics_fc.stg_tm_trophies"
[0m16:51:02.795493 [debug] [Thread-1 (]: On model.analytics_fc.stg_tm_trophies: COMMIT
[0m16:51:02.796912 [debug] [Thread-1 (]: SQL status: OK in 0.001 seconds
[0m16:51:02.797973 [debug] [Thread-1 (]: Using duckdb connection "model.analytics_fc.stg_tm_trophies"
[0m16:51:02.798231 [debug] [Thread-1 (]: On model.analytics_fc.stg_tm_trophies: /* {"app": "dbt", "dbt_version": "1.12.5", "profile_name": "analytics_fc", "target_name": "dev", "node_id": "model.analytics_fc.stg_tm_trophies"} */

      drop view if exists "analytics_fc"."main"."stg_tm_trophies__dbt_backup" cascade
    
[0m16:51:02.799205 [debug] [Thread-1 (]: SQL status: OK in 0.001 seconds
[0m16:51:02.800241 [debug] [Thread-1 (]: On model.analytics_fc.stg_tm_trophies: Close
[0m16:51:02.800757 [debug] [Thread-1 (]: Sending event: {'category': 'dbt', 'action': 'run_model', 'label': 'b1f049cc-2c19-40a9-a243-9bd78368148c', 'context': [<snowplow_tracker.self_describing_json.SelfDescribingJson object at 0x000001A6A726C410>]}
[0m16:51:02.801212 [info ] [Thread-1 (]: 3 of 5 OK created sql view model main.stg_tm_trophies .......................... [[32mOK[0m in 0.02s]
[0m16:51:02.801667 [debug] [Thread-1 (]: Finished running node model.analytics_fc.stg_tm_trophies
[0m16:51:02.801935 [debug] [Thread-1 (]: Began running node model.analytics_fc.mart_pattern_maker
[0m16:51:02.802328 [info ] [Thread-1 (]: 4 of 5 START sql table model main.mart_pattern_maker ........................... [RUN]
[0m16:51:02.802722 [debug] [Thread-1 (]: Re-using an available connection from the pool (formerly model.analytics_fc.stg_tm_trophies, now model.analytics_fc.mart_pattern_maker)
[0m16:51:02.803044 [debug] [Thread-1 (]: Began compiling node model.analytics_fc.mart_pattern_maker
[0m16:51:02.804740 [debug] [Thread-1 (]: Writing injected SQL for node "model.analytics_fc.mart_pattern_maker"
[0m16:51:02.805515 [debug] [Thread-1 (]: Began executing node model.analytics_fc.mart_pattern_maker
[0m16:51:02.832478 [debug] [Thread-1 (]: Writing runtime sql for node "model.analytics_fc.mart_pattern_maker"
[0m16:51:02.833348 [debug] [Thread-1 (]: Using duckdb connection "model.analytics_fc.mart_pattern_maker"
[0m16:51:02.833723 [debug] [Thread-1 (]: On model.analytics_fc.mart_pattern_maker: BEGIN
[0m16:51:02.833982 [debug] [Thread-1 (]: Opening a new connection, currently in state closed
[0m16:51:02.834553 [debug] [Thread-1 (]: SQL status: OK in 0.001 seconds
[0m16:51:02.834818 [debug] [Thread-1 (]: Using duckdb connection "model.analytics_fc.mart_pattern_maker"
[0m16:51:02.835088 [debug] [Thread-1 (]: On model.analytics_fc.mart_pattern_maker: /* {"app": "dbt", "dbt_version": "1.12.5", "profile_name": "analytics_fc", "target_name": "dev", "node_id": "model.analytics_fc.mart_pattern_maker"} */

    

    create  table
      "analytics_fc"."main"."mart_pattern_maker__dbt_tmp"
  
    
    as (
      ﻿-- Level 1 & 2: Pattern Maker (Multi-Indicator SCDIs)
-- Calculates the Pearson Correlation across multiple traits (Overall, Potential, Minutes)
-- and filters for pairs that strongly correlate on ALL indicators.

WITH base AS (
    SELECT 
        player_id, 
        short_name,
        age, 
        overall,
        max_potential,
        minutes
    FROM "analytics_fc"."main"."stg_fifatable"
    WHERE age BETWEEN 18 AND 21
),

-- Ensure 4 years of data
complete_trajectories AS (
    SELECT player_id
    FROM base
    GROUP BY player_id
    HAVING COUNT(*) = 4
),

filtered_base AS (
    SELECT b.*
    FROM base b
    INNER JOIN complete_trajectories ct ON b.player_id = ct.player_id
),

trajectory_pairs AS (
    SELECT 
        a.player_id AS player_a_id,
        a.short_name AS player_a_name,
        b.player_id AS player_b_id,
        b.short_name AS player_b_name,
        a.age,
        a.overall AS overall_a, b.overall AS overall_b,
        a.max_potential AS pot_a, b.max_potential AS pot_b,
        a.minutes AS min_a, b.minutes AS min_b
    FROM filtered_base a
    INNER JOIN filtered_base b ON a.age = b.age
    WHERE a.player_id < b.player_id
)

SELECT 
    player_a_id,
    player_a_name,
    player_b_id,
    player_b_name,
    CORR(overall_a, overall_b) AS scdi_overall,
    CORR(pot_a, pot_b) AS scdi_potential,
    CORR(min_a, min_b) AS scdi_minutes
FROM trajectory_pairs
GROUP BY 
    player_a_id, player_a_name, player_b_id, player_b_name
-- Level 2 Pattern Filter: Must strongly correlate across multiple traits
HAVING CORR(overall_a, overall_b) >= 0.85
   AND CORR(pot_a, pot_b) >= 0.80
    );
    
  
[0m16:51:02.846624 [debug] [Thread-1 (]: SQL status: OK in 0.011 seconds
[0m16:51:02.850353 [debug] [Thread-1 (]: Using duckdb connection "model.analytics_fc.mart_pattern_maker"
[0m16:51:02.850685 [debug] [Thread-1 (]: On model.analytics_fc.mart_pattern_maker: /* {"app": "dbt", "dbt_version": "1.12.5", "profile_name": "analytics_fc", "target_name": "dev", "node_id": "model.analytics_fc.mart_pattern_maker"} */

    SELECT index_name
    FROM duckdb_indexes()
    WHERE database_name = 'analytics_fc'
      AND schema_name = 'main'
      AND table_name = 'mart_pattern_maker'
  
[0m16:51:02.851928 [debug] [Thread-1 (]: SQL status: OK in 0.001 seconds
[0m16:51:02.853700 [debug] [Thread-1 (]: Using duckdb connection "model.analytics_fc.mart_pattern_maker"
[0m16:51:02.853960 [debug] [Thread-1 (]: On model.analytics_fc.mart_pattern_maker: /* {"app": "dbt", "dbt_version": "1.12.5", "profile_name": "analytics_fc", "target_name": "dev", "node_id": "model.analytics_fc.mart_pattern_maker"} */
alter table "analytics_fc"."main"."mart_pattern_maker" rename to "mart_pattern_maker__dbt_backup"
[0m16:51:02.854469 [debug] [Thread-1 (]: SQL status: OK in 0.000 seconds
[0m16:51:02.855970 [debug] [Thread-1 (]: Using duckdb connection "model.analytics_fc.mart_pattern_maker"
[0m16:51:02.856227 [debug] [Thread-1 (]: On model.analytics_fc.mart_pattern_maker: /* {"app": "dbt", "dbt_version": "1.12.5", "profile_name": "analytics_fc", "target_name": "dev", "node_id": "model.analytics_fc.mart_pattern_maker"} */
alter table "analytics_fc"."main"."mart_pattern_maker__dbt_tmp" rename to "mart_pattern_maker"
[0m16:51:02.856732 [debug] [Thread-1 (]: SQL status: OK in 0.000 seconds
[0m16:51:02.860339 [debug] [Thread-1 (]: On model.analytics_fc.mart_pattern_maker: COMMIT
[0m16:51:02.860631 [debug] [Thread-1 (]: Using duckdb connection "model.analytics_fc.mart_pattern_maker"
[0m16:51:02.860866 [debug] [Thread-1 (]: On model.analytics_fc.mart_pattern_maker: COMMIT
[0m16:51:02.862041 [debug] [Thread-1 (]: SQL status: OK in 0.001 seconds
[0m16:51:02.863305 [debug] [Thread-1 (]: Using duckdb connection "model.analytics_fc.mart_pattern_maker"
[0m16:51:02.863600 [debug] [Thread-1 (]: On model.analytics_fc.mart_pattern_maker: /* {"app": "dbt", "dbt_version": "1.12.5", "profile_name": "analytics_fc", "target_name": "dev", "node_id": "model.analytics_fc.mart_pattern_maker"} */

      drop table if exists "analytics_fc"."main"."mart_pattern_maker__dbt_backup" cascade
    
[0m16:51:02.864650 [debug] [Thread-1 (]: SQL status: OK in 0.001 seconds
[0m16:51:02.865677 [debug] [Thread-1 (]: On model.analytics_fc.mart_pattern_maker: Close
[0m16:51:02.866141 [debug] [Thread-1 (]: Sending event: {'category': 'dbt', 'action': 'run_model', 'label': 'b1f049cc-2c19-40a9-a243-9bd78368148c', 'context': [<snowplow_tracker.self_describing_json.SelfDescribingJson object at 0x000001A6A6B89450>]}
[0m16:51:02.866646 [info ] [Thread-1 (]: 4 of 5 OK created sql table model main.mart_pattern_maker ...................... [[32mOK[0m in 0.06s]
[0m16:51:02.867104 [debug] [Thread-1 (]: Finished running node model.analytics_fc.mart_pattern_maker
[0m16:51:02.867640 [debug] [Thread-1 (]: Began running node model.analytics_fc.mart_recipe_maker
[0m16:51:02.868033 [info ] [Thread-1 (]: 5 of 5 START sql table model main.mart_recipe_maker ............................ [RUN]
[0m16:51:02.868466 [debug] [Thread-1 (]: Re-using an available connection from the pool (formerly model.analytics_fc.mart_pattern_maker, now model.analytics_fc.mart_recipe_maker)
[0m16:51:02.868808 [debug] [Thread-1 (]: Began compiling node model.analytics_fc.mart_recipe_maker
[0m16:51:02.870911 [debug] [Thread-1 (]: Writing injected SQL for node "model.analytics_fc.mart_recipe_maker"
[0m16:51:02.871987 [debug] [Thread-1 (]: Began executing node model.analytics_fc.mart_recipe_maker
[0m16:51:02.876953 [debug] [Thread-1 (]: Writing runtime sql for node "model.analytics_fc.mart_recipe_maker"
[0m16:51:02.878640 [debug] [Thread-1 (]: Using duckdb connection "model.analytics_fc.mart_recipe_maker"
[0m16:51:02.878980 [debug] [Thread-1 (]: On model.analytics_fc.mart_recipe_maker: BEGIN
[0m16:51:02.879215 [debug] [Thread-1 (]: Opening a new connection, currently in state closed
[0m16:51:02.879760 [debug] [Thread-1 (]: SQL status: OK in 0.001 seconds
[0m16:51:02.880050 [debug] [Thread-1 (]: Using duckdb connection "model.analytics_fc.mart_recipe_maker"
[0m16:51:02.880328 [debug] [Thread-1 (]: On model.analytics_fc.mart_recipe_maker: /* {"app": "dbt", "dbt_version": "1.12.5", "profile_name": "analytics_fc", "target_name": "dev", "node_id": "model.analytics_fc.mart_recipe_maker"} */

    

    create  table
      "analytics_fc"."main"."mart_recipe_maker__dbt_tmp"
  
    
    as (
      ﻿-- Level 3: Recipe Maker
-- This model takes the validated Patterns from Level 2 and anchors them to the 
-- "Silverware Event" (winning a trophy). It calculates the empirical probability 
-- that a prospect will trigger the event based on the success rate of their historical matches.

WITH patterns AS (
    SELECT 
        player_a_id AS prospect_id,
        player_a_name AS prospect_name,
        player_b_id AS historical_match_id,
        player_b_name AS historical_match_name,
        scdi_overall,
        scdi_potential,
        scdi_minutes
    FROM "analytics_fc"."main"."mart_pattern_maker"
),

-- The Terminating Event: Winning a trophy
trophy_events AS (
    SELECT DISTINCT short_name
    FROM "analytics_fc"."main"."stg_tm_trophies"
),

-- Check if the historical match (Ingredient) successfully triggered the Event
historical_outcomes AS (
    SELECT 
        p.*,
        CASE WHEN t.short_name IS NOT NULL THEN 1 ELSE 0 END AS achieved_silverware_event
    FROM patterns p
    LEFT JOIN trophy_events t ON p.historical_match_name = t.short_name
)

-- Recipe Aggregation: Calculate empirical probability
SELECT 
    prospect_id,
    prospect_name,
    COUNT(historical_match_id) AS total_historical_patterns,
    SUM(achieved_silverware_event) AS patterns_leading_to_event,
    ROUND(SUM(achieved_silverware_event) * 100.0 / COUNT(historical_match_id), 2) AS empirical_probability_percentage
FROM historical_outcomes
GROUP BY prospect_id, prospect_name
-- Require at least 3 historical matches to form a valid Recipe
HAVING COUNT(historical_match_id) >= 3
ORDER BY empirical_probability_percentage DESC, total_historical_patterns DESC
    );
    
  
[0m16:51:02.899571 [debug] [Thread-1 (]: SQL status: OK in 0.019 seconds
[0m16:51:02.901444 [debug] [Thread-1 (]: Using duckdb connection "model.analytics_fc.mart_recipe_maker"
[0m16:51:02.901732 [debug] [Thread-1 (]: On model.analytics_fc.mart_recipe_maker: /* {"app": "dbt", "dbt_version": "1.12.5", "profile_name": "analytics_fc", "target_name": "dev", "node_id": "model.analytics_fc.mart_recipe_maker"} */
alter table "analytics_fc"."main"."mart_recipe_maker__dbt_tmp" rename to "mart_recipe_maker"
[0m16:51:02.902291 [debug] [Thread-1 (]: SQL status: OK in 0.000 seconds
[0m16:51:02.903477 [debug] [Thread-1 (]: On model.analytics_fc.mart_recipe_maker: COMMIT
[0m16:51:02.903739 [debug] [Thread-1 (]: Using duckdb connection "model.analytics_fc.mart_recipe_maker"
[0m16:51:02.904036 [debug] [Thread-1 (]: On model.analytics_fc.mart_recipe_maker: COMMIT
[0m16:51:02.905446 [debug] [Thread-1 (]: SQL status: OK in 0.001 seconds
[0m16:51:02.906664 [debug] [Thread-1 (]: Using duckdb connection "model.analytics_fc.mart_recipe_maker"
[0m16:51:02.906925 [debug] [Thread-1 (]: On model.analytics_fc.mart_recipe_maker: /* {"app": "dbt", "dbt_version": "1.12.5", "profile_name": "analytics_fc", "target_name": "dev", "node_id": "model.analytics_fc.mart_recipe_maker"} */

      drop table if exists "analytics_fc"."main"."mart_recipe_maker__dbt_backup" cascade
    
[0m16:51:02.907552 [debug] [Thread-1 (]: SQL status: OK in 0.000 seconds
[0m16:51:02.908543 [debug] [Thread-1 (]: On model.analytics_fc.mart_recipe_maker: Close
[0m16:51:02.908976 [debug] [Thread-1 (]: Sending event: {'category': 'dbt', 'action': 'run_model', 'label': 'b1f049cc-2c19-40a9-a243-9bd78368148c', 'context': [<snowplow_tracker.self_describing_json.SelfDescribingJson object at 0x000001A6A6E9B620>]}
[0m16:51:02.909439 [info ] [Thread-1 (]: 5 of 5 OK created sql table model main.mart_recipe_maker ....................... [[32mOK[0m in 0.04s]
[0m16:51:02.909895 [debug] [Thread-1 (]: Finished running node model.analytics_fc.mart_recipe_maker
[0m16:51:02.910829 [debug] [MainThread]: Using duckdb connection "master"
[0m16:51:02.911159 [debug] [MainThread]: On master: BEGIN
[0m16:51:02.911411 [debug] [MainThread]: Opening a new connection, currently in state closed
[0m16:51:02.911854 [debug] [MainThread]: SQL status: OK in 0.000 seconds
[0m16:51:02.912052 [debug] [MainThread]: On master: COMMIT
[0m16:51:02.912222 [debug] [MainThread]: Using duckdb connection "master"
[0m16:51:02.912375 [debug] [MainThread]: On master: COMMIT
[0m16:51:02.912685 [debug] [MainThread]: SQL status: OK in 0.000 seconds
[0m16:51:02.912903 [debug] [MainThread]: On master: Close
[0m16:51:02.913176 [debug] [MainThread]: Connection 'master' was properly closed.
[0m16:51:02.913344 [debug] [MainThread]: Connection 'create_analytics_fc_main' was properly closed.
[0m16:51:02.913496 [debug] [MainThread]: Connection 'list_analytics_fc_main' was properly closed.
[0m16:51:02.913637 [debug] [MainThread]: Connection 'model.analytics_fc.mart_recipe_maker' was properly closed.
[0m16:51:02.913877 [info ] [MainThread]: 
[0m16:51:02.914124 [info ] [MainThread]: Finished running 2 table models, 3 view models in 0 hours 0 minutes and 0.32 seconds (0.32s).
[0m16:51:02.914931 [debug] [MainThread]: Command end result
[0m16:51:02.940116 [debug] [MainThread]: Wrote artifact WritableManifest to C:\Users\AminE\Documents\Fifa Project\analytics-fc\dbt_project\target\manifest.json
[0m16:51:02.943296 [debug] [MainThread]: Wrote artifact SemanticManifest to C:\Users\AminE\Documents\Fifa Project\analytics-fc\dbt_project\target\semantic_manifest.json
[0m16:51:02.946753 [debug] [MainThread]: Wrote artifact OsiDocument to C:\Users\AminE\Documents\Fifa Project\analytics-fc\dbt_project\target\osi_document.json
[0m16:51:02.957067 [debug] [MainThread]: Wrote artifact RunExecutionResult to C:\Users\AminE\Documents\Fifa Project\analytics-fc\dbt_project\target\run_results.json
[0m16:51:02.957429 [info ] [MainThread]: 
[0m16:51:02.957749 [info ] [MainThread]: [32mCompleted successfully[0m
[0m16:51:02.958089 [info ] [MainThread]: 
[0m16:51:02.958370 [info ] [MainThread]: Done. PASS=5 WARN=0 ERROR=0 SKIP=0 NO-OP=0 REUSED=0 TOTAL=5
[0m16:51:02.959354 [debug] [MainThread]: Command `dbt run` succeeded at 16:51:02.959207 after 1.37 seconds
[0m16:51:02.959898 [debug] [MainThread]: Sending event: {'category': 'dbt', 'action': 'invocation', 'label': 'end', 'context': [<snowplow_tracker.self_describing_json.SelfDescribingJson object at 0x000001A6A651BCB0>, <snowplow_tracker.self_describing_json.SelfDescribingJson object at 0x000001A6A6B5D670>, <snowplow_tracker.self_describing_json.SelfDescribingJson object at 0x000001A6A66B0E90>]}
[0m16:51:02.960233 [debug] [MainThread]: Flushing usage events
[0m16:51:03.882749 [debug] [MainThread]: An error was encountered while trying to flush usage events
[0m16:53:01.471345 [debug] [MainThread]: Sending event: {'category': 'dbt', 'action': 'invocation', 'label': 'start', 'context': [<snowplow_tracker.self_describing_json.SelfDescribingJson object at 0x000002546BA82660>, <snowplow_tracker.self_describing_json.SelfDescribingJson object at 0x000002546E0DFED0>, <snowplow_tracker.self_describing_json.SelfDescribingJson object at 0x000002546E0DFC50>]}


============================== 16:53:01.475167 | 6d7ae639-3c6b-41ca-bbe0-5c75e8f1ead5 ==============================
[0m16:53:01.475167 [info ] [MainThread]: Running with dbt=1.12.5
[0m16:53:01.475657 [debug] [MainThread]: running dbt with arguments {'maximum_seed_size_mib': '1', 'no_print': 'None', 'static_parser': 'True', 'warn_error_options': 'WarnErrorOptionsV2(error=[], warn=[], silence=[])', 'target_path': 'None', 'version_check': 'True', 'printer_width': '80', 'write_json': 'True', 'introspect': 'True', 'log_cache_events': 'False', 'empty': 'False', 'cache_selected_only': 'False', 'log_format': 'default', 'debug': 'False', 'fail_fast': 'False', 'profiles_dir': 'C:\\Users\\AminE\\Documents\\Fifa Project\\analytics-fc\\dbt_project', 'send_anonymous_usage_stats': 'True', 'quiet': 'False', 'warn_error': 'None', 'partial_parse': 'True', 'indirect_selection': 'eager', 'hints_enabled': 'True', 'invocation_command': 'dbt run', 'use_experimental_parser': 'False', 'use_colors': 'True', 'log_path': 'C:\\Users\\AminE\\Documents\\Fifa Project\\analytics-fc\\dbt_project\\logs'}
[0m16:53:01.657951 [debug] [MainThread]: Sending event: {'category': 'dbt', 'action': 'project_id', 'label': '6d7ae639-3c6b-41ca-bbe0-5c75e8f1ead5', 'context': [<snowplow_tracker.self_describing_json.SelfDescribingJson object at 0x000002546BFAA8B0>]}
[0m16:53:01.713643 [debug] [MainThread]: Sending event: {'category': 'dbt', 'action': 'adapter_info', 'label': '6d7ae639-3c6b-41ca-bbe0-5c75e8f1ead5', 'context': [<snowplow_tracker.self_describing_json.SelfDescribingJson object at 0x000002546A134160>]}
[0m16:53:01.716514 [info ] [MainThread]: Registered adapter: duckdb=1.11.0
[0m16:53:01.852287 [debug] [MainThread]: checksum: 7119ea9ea0a8c0e9670f38f33f87c32becf9f2d7f739bdc9a20c0de7769a393a, vars: {}, profile: analytics_fc, target: dev, version: 1.12.5
[0m16:53:02.014936 [debug] [MainThread]: Partial parsing enabled: 0 files deleted, 0 files added, 1 files changed.
[0m16:53:02.015447 [debug] [MainThread]: Partial parsing: updated file: analytics_fc://models\marts\cascade\mart_pattern_maker.sql
[0m16:53:02.245252 [debug] [MainThread]: Sending event: {'category': 'dbt', 'action': 'load_project', 'label': '6d7ae639-3c6b-41ca-bbe0-5c75e8f1ead5', 'context': [<snowplow_tracker.self_describing_json.SelfDescribingJson object at 0x000002546E4C5250>]}
[0m16:53:02.316998 [debug] [MainThread]: Wrote artifact WritableManifest to C:\Users\AminE\Documents\Fifa Project\analytics-fc\dbt_project\target\manifest.json
[0m16:53:02.319736 [debug] [MainThread]: Wrote artifact SemanticManifest to C:\Users\AminE\Documents\Fifa Project\analytics-fc\dbt_project\target\semantic_manifest.json
[0m16:53:02.341256 [debug] [MainThread]: Wrote artifact OsiDocument to C:\Users\AminE\Documents\Fifa Project\analytics-fc\dbt_project\target\osi_document.json
[0m16:53:02.353227 [debug] [MainThread]: Sending event: {'category': 'dbt', 'action': 'resource_counts', 'label': '6d7ae639-3c6b-41ca-bbe0-5c75e8f1ead5', 'context': [<snowplow_tracker.self_describing_json.SelfDescribingJson object at 0x000002546E8B6C60>]}
[0m16:53:02.353907 [info ] [MainThread]: Found 5 models, 3 sources, 500 macros
[0m16:53:02.354249 [debug] [MainThread]: Sending event: {'category': 'dbt', 'action': 'runnable_timing', 'label': '6d7ae639-3c6b-41ca-bbe0-5c75e8f1ead5', 'context': [<snowplow_tracker.self_describing_json.SelfDescribingJson object at 0x000002546E926270>]}
[0m16:53:02.356158 [info ] [MainThread]: 
[0m16:53:02.356549 [info ] [MainThread]: Concurrency: 1 threads (target='dev')
[0m16:53:02.356806 [info ] [MainThread]: 
[0m16:53:02.357245 [debug] [MainThread]: Acquiring new duckdb connection 'master'
[0m16:53:02.363825 [debug] [ThreadPool]: Acquiring new duckdb connection 'list_analytics_fc'
[0m16:53:02.406759 [debug] [ThreadPool]: Using duckdb connection "list_analytics_fc"
[0m16:53:02.407131 [debug] [ThreadPool]: On list_analytics_fc: /* {"app": "dbt", "dbt_version": "1.12.5", "profile_name": "analytics_fc", "target_name": "dev", "connection_name": "list_analytics_fc"} */

    
    select schema_name
    from system.information_schema.schemata
    
    where lower(catalog_name) = '"analytics_fc"'
    
  
  
[0m16:53:02.407367 [debug] [ThreadPool]: Opening a new connection, currently in state init
[0m16:53:02.421669 [debug] [ThreadPool]: SQL status: OK in 0.014 seconds
[0m16:53:02.422859 [debug] [ThreadPool]: On list_analytics_fc: Close
[0m16:53:02.423672 [debug] [ThreadPool]: Re-using an available connection from the pool (formerly list_analytics_fc, now create_analytics_fc_main)
[0m16:53:02.424099 [debug] [ThreadPool]: Creating schema "database: "analytics_fc"
schema: "main"
"
[0m16:53:02.429412 [debug] [ThreadPool]: Using duckdb connection "create_analytics_fc_main"
[0m16:53:02.429792 [debug] [ThreadPool]: On create_analytics_fc_main: /* {"app": "dbt", "dbt_version": "1.12.5", "profile_name": "analytics_fc", "target_name": "dev", "connection_name": "create_analytics_fc_main"} */

    
        select type from duckdb_databases()
        where lower(database_name)='analytics_fc'
        and type != 'duckdb'
    
  
[0m16:53:02.430041 [debug] [ThreadPool]: Opening a new connection, currently in state closed
[0m16:53:02.431016 [debug] [ThreadPool]: SQL status: OK in 0.001 seconds
[0m16:53:02.431995 [debug] [ThreadPool]: Using duckdb connection "create_analytics_fc_main"
[0m16:53:02.432234 [debug] [ThreadPool]: On create_analytics_fc_main: BEGIN
[0m16:53:02.432659 [debug] [ThreadPool]: SQL status: OK in 0.000 seconds
[0m16:53:02.432902 [debug] [ThreadPool]: Using duckdb connection "create_analytics_fc_main"
[0m16:53:02.433105 [debug] [ThreadPool]: On create_analytics_fc_main: /* {"app": "dbt", "dbt_version": "1.12.5", "profile_name": "analytics_fc", "target_name": "dev", "connection_name": "create_analytics_fc_main"} */

    
    
        create schema if not exists "analytics_fc"."main"
    
[0m16:53:02.433520 [debug] [ThreadPool]: SQL status: OK in 0.000 seconds
[0m16:53:02.434235 [debug] [ThreadPool]: On create_analytics_fc_main: COMMIT
[0m16:53:02.434476 [debug] [ThreadPool]: Using duckdb connection "create_analytics_fc_main"
[0m16:53:02.434731 [debug] [ThreadPool]: On create_analytics_fc_main: COMMIT
[0m16:53:02.435077 [debug] [ThreadPool]: SQL status: OK in 0.000 seconds
[0m16:53:02.435302 [debug] [ThreadPool]: On create_analytics_fc_main: Close
[0m16:53:02.436739 [debug] [ThreadPool]: Acquiring new duckdb connection 'list_analytics_fc_main'
[0m16:53:02.440520 [debug] [ThreadPool]: Using duckdb connection "list_analytics_fc_main"
[0m16:53:02.440810 [debug] [ThreadPool]: On list_analytics_fc_main: BEGIN
[0m16:53:02.441002 [debug] [ThreadPool]: Opening a new connection, currently in state init
[0m16:53:02.441504 [debug] [ThreadPool]: SQL status: OK in 0.000 seconds
[0m16:53:02.441728 [debug] [ThreadPool]: Using duckdb connection "list_analytics_fc_main"
[0m16:53:02.441919 [debug] [ThreadPool]: On list_analytics_fc_main: /* {"app": "dbt", "dbt_version": "1.12.5", "profile_name": "analytics_fc", "target_name": "dev", "connection_name": "list_analytics_fc_main"} */
select
      'analytics_fc' as database,
      table_name as name,
      table_schema as schema,
      CASE table_type
        WHEN 'BASE TABLE' THEN 'table'
        WHEN 'VIEW' THEN 'view'
        WHEN 'LOCAL TEMPORARY' THEN 'table'
        END as type
    from system.information_schema.tables
    where lower(table_schema) = 'main'
    and lower(table_catalog) = 'analytics_fc'
  
[0m16:53:02.444797 [debug] [ThreadPool]: SQL status: OK in 0.003 seconds
[0m16:53:02.445853 [debug] [ThreadPool]: On list_analytics_fc_main: ROLLBACK
[0m16:53:02.446270 [debug] [ThreadPool]: On list_analytics_fc_main: Close
[0m16:53:02.447518 [debug] [MainThread]: Sending event: {'category': 'dbt', 'action': 'runnable_timing', 'label': '6d7ae639-3c6b-41ca-bbe0-5c75e8f1ead5', 'context': [<snowplow_tracker.self_describing_json.SelfDescribingJson object at 0x000002546EB37860>]}
[0m16:53:02.447840 [debug] [MainThread]: Using duckdb connection "master"
[0m16:53:02.448025 [debug] [MainThread]: On master: BEGIN
[0m16:53:02.448196 [debug] [MainThread]: Opening a new connection, currently in state init
[0m16:53:02.448557 [debug] [MainThread]: SQL status: OK in 0.000 seconds
[0m16:53:02.448778 [debug] [MainThread]: On master: COMMIT
[0m16:53:02.448958 [debug] [MainThread]: Using duckdb connection "master"
[0m16:53:02.449120 [debug] [MainThread]: On master: COMMIT
[0m16:53:02.449425 [debug] [MainThread]: SQL status: OK in 0.000 seconds
[0m16:53:02.449620 [debug] [MainThread]: On master: Close
[0m16:53:02.452643 [debug] [Thread-1 (]: Began running node model.analytics_fc.stg_fifatable
[0m16:53:02.453078 [info ] [Thread-1 (]: 1 of 5 START sql view model main.stg_fifatable ................................. [RUN]
[0m16:53:02.453543 [debug] [Thread-1 (]: Acquiring new duckdb connection 'model.analytics_fc.stg_fifatable'
[0m16:53:02.453794 [debug] [Thread-1 (]: Began compiling node model.analytics_fc.stg_fifatable
[0m16:53:02.458235 [debug] [Thread-1 (]: Writing injected SQL for node "model.analytics_fc.stg_fifatable"
[0m16:53:02.458995 [debug] [Thread-1 (]: Began executing node model.analytics_fc.stg_fifatable
[0m16:53:02.481142 [debug] [Thread-1 (]: Writing runtime sql for node "model.analytics_fc.stg_fifatable"
[0m16:53:02.482188 [debug] [Thread-1 (]: Using duckdb connection "model.analytics_fc.stg_fifatable"
[0m16:53:02.482502 [debug] [Thread-1 (]: On model.analytics_fc.stg_fifatable: BEGIN
[0m16:53:02.482734 [debug] [Thread-1 (]: Opening a new connection, currently in state init
[0m16:53:02.483409 [debug] [Thread-1 (]: SQL status: OK in 0.001 seconds
[0m16:53:02.483657 [debug] [Thread-1 (]: Using duckdb connection "model.analytics_fc.stg_fifatable"
[0m16:53:02.483903 [debug] [Thread-1 (]: On model.analytics_fc.stg_fifatable: /* {"app": "dbt", "dbt_version": "1.12.5", "profile_name": "analytics_fc", "target_name": "dev", "node_id": "model.analytics_fc.stg_fifatable"} */

  
  create view "analytics_fc"."main"."stg_fifatable__dbt_tmp" as (
    ﻿WITH source AS (
    SELECT * FROM "analytics_fc"."raw"."fifatable"
),

renamed AS (
    SELECT
        player_id,
        Fifa_year AS fifa_edition_year,
        TRY_CAST(age AS INTEGER) AS age,
        short_name,
        long_name,
        nationality,
        club,
        position,
        TRY_CAST(overall AS INTEGER) AS overall,
        TRY_CAST(max_potential AS INTEGER) AS max_potential,
        TRY_CAST(minutes AS INTEGER) AS minutes,
        TRY_CAST(goals AS INTEGER) AS goals
    FROM source
)

SELECT * FROM renamed
  );

[0m16:53:02.484863 [debug] [Thread-1 (]: SQL status: OK in 0.001 seconds
[0m16:53:02.489136 [debug] [Thread-1 (]: Using duckdb connection "model.analytics_fc.stg_fifatable"
[0m16:53:02.489427 [debug] [Thread-1 (]: On model.analytics_fc.stg_fifatable: /* {"app": "dbt", "dbt_version": "1.12.5", "profile_name": "analytics_fc", "target_name": "dev", "node_id": "model.analytics_fc.stg_fifatable"} */
alter view "analytics_fc"."main"."stg_fifatable" rename to "stg_fifatable__dbt_backup"
[0m16:53:02.489997 [debug] [Thread-1 (]: SQL status: OK in 0.000 seconds
[0m16:53:02.491517 [debug] [Thread-1 (]: Using duckdb connection "model.analytics_fc.stg_fifatable"
[0m16:53:02.491765 [debug] [Thread-1 (]: On model.analytics_fc.stg_fifatable: /* {"app": "dbt", "dbt_version": "1.12.5", "profile_name": "analytics_fc", "target_name": "dev", "node_id": "model.analytics_fc.stg_fifatable"} */
alter view "analytics_fc"."main"."stg_fifatable__dbt_tmp" rename to "stg_fifatable"
[0m16:53:02.492314 [debug] [Thread-1 (]: SQL status: OK in 0.000 seconds
[0m16:53:02.501894 [debug] [Thread-1 (]: On model.analytics_fc.stg_fifatable: COMMIT
[0m16:53:02.502228 [debug] [Thread-1 (]: Using duckdb connection "model.analytics_fc.stg_fifatable"
[0m16:53:02.502469 [debug] [Thread-1 (]: On model.analytics_fc.stg_fifatable: COMMIT
[0m16:53:02.504794 [debug] [Thread-1 (]: SQL status: OK in 0.002 seconds
[0m16:53:02.508384 [debug] [Thread-1 (]: Using duckdb connection "model.analytics_fc.stg_fifatable"
[0m16:53:02.508681 [debug] [Thread-1 (]: On model.analytics_fc.stg_fifatable: /* {"app": "dbt", "dbt_version": "1.12.5", "profile_name": "analytics_fc", "target_name": "dev", "node_id": "model.analytics_fc.stg_fifatable"} */

      drop view if exists "analytics_fc"."main"."stg_fifatable__dbt_backup" cascade
    
[0m16:53:02.509755 [debug] [Thread-1 (]: SQL status: OK in 0.001 seconds
[0m16:53:02.511521 [debug] [Thread-1 (]: On model.analytics_fc.stg_fifatable: Close
[0m16:53:02.513360 [debug] [Thread-1 (]: Sending event: {'category': 'dbt', 'action': 'run_model', 'label': '6d7ae639-3c6b-41ca-bbe0-5c75e8f1ead5', 'context': [<snowplow_tracker.self_describing_json.SelfDescribingJson object at 0x000002546ECCC710>]}
[0m16:53:02.513918 [info ] [Thread-1 (]: 1 of 5 OK created sql view model main.stg_fifatable ............................ [[32mOK[0m in 0.06s]
[0m16:53:02.514405 [debug] [Thread-1 (]: Finished running node model.analytics_fc.stg_fifatable
[0m16:53:02.514714 [debug] [Thread-1 (]: Began running node model.analytics_fc.stg_tm_stats
[0m16:53:02.515170 [info ] [Thread-1 (]: 2 of 5 START sql view model main.stg_tm_stats .................................. [RUN]
[0m16:53:02.515660 [debug] [Thread-1 (]: Re-using an available connection from the pool (formerly model.analytics_fc.stg_fifatable, now model.analytics_fc.stg_tm_stats)
[0m16:53:02.515934 [debug] [Thread-1 (]: Began compiling node model.analytics_fc.stg_tm_stats
[0m16:53:02.517527 [debug] [Thread-1 (]: Writing injected SQL for node "model.analytics_fc.stg_tm_stats"
[0m16:53:02.518294 [debug] [Thread-1 (]: Began executing node model.analytics_fc.stg_tm_stats
[0m16:53:02.521473 [debug] [Thread-1 (]: Writing runtime sql for node "model.analytics_fc.stg_tm_stats"
[0m16:53:02.522333 [debug] [Thread-1 (]: Using duckdb connection "model.analytics_fc.stg_tm_stats"
[0m16:53:02.522627 [debug] [Thread-1 (]: On model.analytics_fc.stg_tm_stats: BEGIN
[0m16:53:02.522888 [debug] [Thread-1 (]: Opening a new connection, currently in state closed
[0m16:53:02.523539 [debug] [Thread-1 (]: SQL status: OK in 0.001 seconds
[0m16:53:02.523809 [debug] [Thread-1 (]: Using duckdb connection "model.analytics_fc.stg_tm_stats"
[0m16:53:02.524097 [debug] [Thread-1 (]: On model.analytics_fc.stg_tm_stats: /* {"app": "dbt", "dbt_version": "1.12.5", "profile_name": "analytics_fc", "target_name": "dev", "node_id": "model.analytics_fc.stg_tm_stats"} */

  
  create view "analytics_fc"."main"."stg_tm_stats__dbt_tmp" as (
    ﻿WITH source AS (
    SELECT * FROM "analytics_fc"."raw"."tm_stats"
),

renamed AS (
    SELECT
        FifaIndex AS fifa_index,
        short_name,
        competition,
        club,
        games_played,
        goals,
        assists,
        minutes
    FROM source
)

SELECT * FROM renamed
  );

[0m16:53:02.524954 [debug] [Thread-1 (]: SQL status: OK in 0.001 seconds
[0m16:53:02.527036 [debug] [Thread-1 (]: Using duckdb connection "model.analytics_fc.stg_tm_stats"
[0m16:53:02.527367 [debug] [Thread-1 (]: On model.analytics_fc.stg_tm_stats: /* {"app": "dbt", "dbt_version": "1.12.5", "profile_name": "analytics_fc", "target_name": "dev", "node_id": "model.analytics_fc.stg_tm_stats"} */
alter view "analytics_fc"."main"."stg_tm_stats" rename to "stg_tm_stats__dbt_backup"
[0m16:53:02.528018 [debug] [Thread-1 (]: SQL status: OK in 0.000 seconds
[0m16:53:02.529677 [debug] [Thread-1 (]: Using duckdb connection "model.analytics_fc.stg_tm_stats"
[0m16:53:02.529939 [debug] [Thread-1 (]: On model.analytics_fc.stg_tm_stats: /* {"app": "dbt", "dbt_version": "1.12.5", "profile_name": "analytics_fc", "target_name": "dev", "node_id": "model.analytics_fc.stg_tm_stats"} */
alter view "analytics_fc"."main"."stg_tm_stats__dbt_tmp" rename to "stg_tm_stats"
[0m16:53:02.530464 [debug] [Thread-1 (]: SQL status: OK in 0.000 seconds
[0m16:53:02.531649 [debug] [Thread-1 (]: On model.analytics_fc.stg_tm_stats: COMMIT
[0m16:53:02.531912 [debug] [Thread-1 (]: Using duckdb connection "model.analytics_fc.stg_tm_stats"
[0m16:53:02.532152 [debug] [Thread-1 (]: On model.analytics_fc.stg_tm_stats: COMMIT
[0m16:53:02.533379 [debug] [Thread-1 (]: SQL status: OK in 0.001 seconds
[0m16:53:02.534591 [debug] [Thread-1 (]: Using duckdb connection "model.analytics_fc.stg_tm_stats"
[0m16:53:02.534853 [debug] [Thread-1 (]: On model.analytics_fc.stg_tm_stats: /* {"app": "dbt", "dbt_version": "1.12.5", "profile_name": "analytics_fc", "target_name": "dev", "node_id": "model.analytics_fc.stg_tm_stats"} */

      drop view if exists "analytics_fc"."main"."stg_tm_stats__dbt_backup" cascade
    
[0m16:53:02.535964 [debug] [Thread-1 (]: SQL status: OK in 0.001 seconds
[0m16:53:02.536947 [debug] [Thread-1 (]: On model.analytics_fc.stg_tm_stats: Close
[0m16:53:02.537373 [debug] [Thread-1 (]: Sending event: {'category': 'dbt', 'action': 'run_model', 'label': '6d7ae639-3c6b-41ca-bbe0-5c75e8f1ead5', 'context': [<snowplow_tracker.self_describing_json.SelfDescribingJson object at 0x000002546E96E8E0>]}
[0m16:53:02.537827 [info ] [Thread-1 (]: 2 of 5 OK created sql view model main.stg_tm_stats ............................. [[32mOK[0m in 0.02s]
[0m16:53:02.538268 [debug] [Thread-1 (]: Finished running node model.analytics_fc.stg_tm_stats
[0m16:53:02.538547 [debug] [Thread-1 (]: Began running node model.analytics_fc.stg_tm_trophies
[0m16:53:02.538942 [info ] [Thread-1 (]: 3 of 5 START sql view model main.stg_tm_trophies ............................... [RUN]
[0m16:53:02.539310 [debug] [Thread-1 (]: Re-using an available connection from the pool (formerly model.analytics_fc.stg_tm_stats, now model.analytics_fc.stg_tm_trophies)
[0m16:53:02.539563 [debug] [Thread-1 (]: Began compiling node model.analytics_fc.stg_tm_trophies
[0m16:53:02.541260 [debug] [Thread-1 (]: Writing injected SQL for node "model.analytics_fc.stg_tm_trophies"
[0m16:53:02.542017 [debug] [Thread-1 (]: Began executing node model.analytics_fc.stg_tm_trophies
[0m16:53:02.544526 [debug] [Thread-1 (]: Writing runtime sql for node "model.analytics_fc.stg_tm_trophies"
[0m16:53:02.545300 [debug] [Thread-1 (]: Using duckdb connection "model.analytics_fc.stg_tm_trophies"
[0m16:53:02.545581 [debug] [Thread-1 (]: On model.analytics_fc.stg_tm_trophies: BEGIN
[0m16:53:02.545801 [debug] [Thread-1 (]: Opening a new connection, currently in state closed
[0m16:53:02.546363 [debug] [Thread-1 (]: SQL status: OK in 0.001 seconds
[0m16:53:02.546617 [debug] [Thread-1 (]: Using duckdb connection "model.analytics_fc.stg_tm_trophies"
[0m16:53:02.546846 [debug] [Thread-1 (]: On model.analytics_fc.stg_tm_trophies: /* {"app": "dbt", "dbt_version": "1.12.5", "profile_name": "analytics_fc", "target_name": "dev", "node_id": "model.analytics_fc.stg_tm_trophies"} */

  
  create view "analytics_fc"."main"."stg_tm_trophies__dbt_tmp" as (
    ﻿WITH source AS (
    SELECT * FROM "analytics_fc"."raw"."tm_trophies"
),

renamed AS (
    SELECT
        short_name,
        club,
        team_trophy,
        individual_trophy,
        trophy,
        year AS trophy_year
    FROM source
)

SELECT * FROM renamed
  );

[0m16:53:02.547609 [debug] [Thread-1 (]: SQL status: OK in 0.000 seconds
[0m16:53:02.549380 [debug] [Thread-1 (]: Using duckdb connection "model.analytics_fc.stg_tm_trophies"
[0m16:53:02.549641 [debug] [Thread-1 (]: On model.analytics_fc.stg_tm_trophies: /* {"app": "dbt", "dbt_version": "1.12.5", "profile_name": "analytics_fc", "target_name": "dev", "node_id": "model.analytics_fc.stg_tm_trophies"} */
alter view "analytics_fc"."main"."stg_tm_trophies" rename to "stg_tm_trophies__dbt_backup"
[0m16:53:02.550183 [debug] [Thread-1 (]: SQL status: OK in 0.000 seconds
[0m16:53:02.551760 [debug] [Thread-1 (]: Using duckdb connection "model.analytics_fc.stg_tm_trophies"
[0m16:53:02.552017 [debug] [Thread-1 (]: On model.analytics_fc.stg_tm_trophies: /* {"app": "dbt", "dbt_version": "1.12.5", "profile_name": "analytics_fc", "target_name": "dev", "node_id": "model.analytics_fc.stg_tm_trophies"} */
alter view "analytics_fc"."main"."stg_tm_trophies__dbt_tmp" rename to "stg_tm_trophies"
[0m16:53:02.552505 [debug] [Thread-1 (]: SQL status: OK in 0.000 seconds
[0m16:53:02.553643 [debug] [Thread-1 (]: On model.analytics_fc.stg_tm_trophies: COMMIT
[0m16:53:02.553905 [debug] [Thread-1 (]: Using duckdb connection "model.analytics_fc.stg_tm_trophies"
[0m16:53:02.554125 [debug] [Thread-1 (]: On model.analytics_fc.stg_tm_trophies: COMMIT
[0m16:53:02.555334 [debug] [Thread-1 (]: SQL status: OK in 0.001 seconds
[0m16:53:02.556688 [debug] [Thread-1 (]: Using duckdb connection "model.analytics_fc.stg_tm_trophies"
[0m16:53:02.556956 [debug] [Thread-1 (]: On model.analytics_fc.stg_tm_trophies: /* {"app": "dbt", "dbt_version": "1.12.5", "profile_name": "analytics_fc", "target_name": "dev", "node_id": "model.analytics_fc.stg_tm_trophies"} */

      drop view if exists "analytics_fc"."main"."stg_tm_trophies__dbt_backup" cascade
    
[0m16:53:02.558041 [debug] [Thread-1 (]: SQL status: OK in 0.001 seconds
[0m16:53:02.559029 [debug] [Thread-1 (]: On model.analytics_fc.stg_tm_trophies: Close
[0m16:53:02.559443 [debug] [Thread-1 (]: Sending event: {'category': 'dbt', 'action': 'run_model', 'label': '6d7ae639-3c6b-41ca-bbe0-5c75e8f1ead5', 'context': [<snowplow_tracker.self_describing_json.SelfDescribingJson object at 0x000002546ED68410>]}
[0m16:53:02.559908 [info ] [Thread-1 (]: 3 of 5 OK created sql view model main.stg_tm_trophies .......................... [[32mOK[0m in 0.02s]
[0m16:53:02.560338 [debug] [Thread-1 (]: Finished running node model.analytics_fc.stg_tm_trophies
[0m16:53:02.560606 [debug] [Thread-1 (]: Began running node model.analytics_fc.mart_pattern_maker
[0m16:53:02.560996 [info ] [Thread-1 (]: 4 of 5 START sql table model main.mart_pattern_maker ........................... [RUN]
[0m16:53:02.561450 [debug] [Thread-1 (]: Re-using an available connection from the pool (formerly model.analytics_fc.stg_tm_trophies, now model.analytics_fc.mart_pattern_maker)
[0m16:53:02.561741 [debug] [Thread-1 (]: Began compiling node model.analytics_fc.mart_pattern_maker
[0m16:53:02.563326 [debug] [Thread-1 (]: Writing injected SQL for node "model.analytics_fc.mart_pattern_maker"
[0m16:53:02.564144 [debug] [Thread-1 (]: Began executing node model.analytics_fc.mart_pattern_maker
[0m16:53:02.599170 [debug] [Thread-1 (]: Writing runtime sql for node "model.analytics_fc.mart_pattern_maker"
[0m16:53:02.600352 [debug] [Thread-1 (]: Using duckdb connection "model.analytics_fc.mart_pattern_maker"
[0m16:53:02.600756 [debug] [Thread-1 (]: On model.analytics_fc.mart_pattern_maker: BEGIN
[0m16:53:02.601015 [debug] [Thread-1 (]: Opening a new connection, currently in state closed
[0m16:53:02.601928 [debug] [Thread-1 (]: SQL status: OK in 0.001 seconds
[0m16:53:02.602622 [debug] [Thread-1 (]: Using duckdb connection "model.analytics_fc.mart_pattern_maker"
[0m16:53:02.603280 [debug] [Thread-1 (]: On model.analytics_fc.mart_pattern_maker: /* {"app": "dbt", "dbt_version": "1.12.5", "profile_name": "analytics_fc", "target_name": "dev", "node_id": "model.analytics_fc.mart_pattern_maker"} */

    

    create  table
      "analytics_fc"."main"."mart_pattern_maker__dbt_tmp"
  
    
    as (
      ﻿WITH base AS (
    SELECT 
        player_id, 
        short_name,
        age, 
        overall,
        max_potential,
        minutes
    FROM "analytics_fc"."main"."stg_fifatable"
    WHERE age BETWEEN 19 AND 22
),

complete_trajectories AS (
    SELECT player_id
    FROM base
    GROUP BY player_id
    HAVING COUNT(*) = 4
),

filtered_base AS (
    SELECT b.*
    FROM base b
    INNER JOIN complete_trajectories ct ON b.player_id = ct.player_id
),

trajectory_pairs AS (
    SELECT 
        a.player_id AS player_a_id,
        a.short_name AS player_a_name,
        b.player_id AS player_b_id,
        b.short_name AS player_b_name,
        a.age,
        a.overall AS overall_a, b.overall AS overall_b,
        a.max_potential AS pot_a, b.max_potential AS pot_b,
        a.minutes AS min_a, b.minutes AS min_b
    FROM filtered_base a
    INNER JOIN filtered_base b ON a.age = b.age
    WHERE a.player_id < b.player_id
)

SELECT 
    player_a_id,
    player_a_name,
    player_b_id,
    player_b_name,
    CORR(overall_a, overall_b) AS scdi_overall,
    CORR(pot_a, pot_b) AS scdi_potential,
    CORR(min_a, min_b) AS scdi_minutes
FROM trajectory_pairs
GROUP BY 
    player_a_id, player_a_name, player_b_id, player_b_name
HAVING CORR(overall_a, overall_b) >= 0.85
   AND CORR(pot_a, pot_b) >= 0.80
    );
    
  
[0m16:53:06.150443 [debug] [Thread-1 (]: SQL status: OK in 3.546 seconds
[0m16:53:06.154895 [debug] [Thread-1 (]: Using duckdb connection "model.analytics_fc.mart_pattern_maker"
[0m16:53:06.155294 [debug] [Thread-1 (]: On model.analytics_fc.mart_pattern_maker: /* {"app": "dbt", "dbt_version": "1.12.5", "profile_name": "analytics_fc", "target_name": "dev", "node_id": "model.analytics_fc.mart_pattern_maker"} */

    SELECT index_name
    FROM duckdb_indexes()
    WHERE database_name = 'analytics_fc'
      AND schema_name = 'main'
      AND table_name = 'mart_pattern_maker'
  
[0m16:53:06.156250 [debug] [Thread-1 (]: SQL status: OK in 0.001 seconds
[0m16:53:06.158233 [debug] [Thread-1 (]: Using duckdb connection "model.analytics_fc.mart_pattern_maker"
[0m16:53:06.158514 [debug] [Thread-1 (]: On model.analytics_fc.mart_pattern_maker: /* {"app": "dbt", "dbt_version": "1.12.5", "profile_name": "analytics_fc", "target_name": "dev", "node_id": "model.analytics_fc.mart_pattern_maker"} */
alter table "analytics_fc"."main"."mart_pattern_maker" rename to "mart_pattern_maker__dbt_backup"
[0m16:53:06.159128 [debug] [Thread-1 (]: SQL status: OK in 0.000 seconds
[0m16:53:06.160810 [debug] [Thread-1 (]: Using duckdb connection "model.analytics_fc.mart_pattern_maker"
[0m16:53:06.161104 [debug] [Thread-1 (]: On model.analytics_fc.mart_pattern_maker: /* {"app": "dbt", "dbt_version": "1.12.5", "profile_name": "analytics_fc", "target_name": "dev", "node_id": "model.analytics_fc.mart_pattern_maker"} */
alter table "analytics_fc"."main"."mart_pattern_maker__dbt_tmp" rename to "mart_pattern_maker"
[0m16:53:06.161646 [debug] [Thread-1 (]: SQL status: OK in 0.000 seconds
[0m16:53:06.166399 [debug] [Thread-1 (]: On model.analytics_fc.mart_pattern_maker: COMMIT
[0m16:53:06.166813 [debug] [Thread-1 (]: Using duckdb connection "model.analytics_fc.mart_pattern_maker"
[0m16:53:06.167097 [debug] [Thread-1 (]: On model.analytics_fc.mart_pattern_maker: COMMIT
[0m16:53:06.303811 [debug] [Thread-1 (]: SQL status: OK in 0.136 seconds
[0m16:53:06.306391 [debug] [Thread-1 (]: Using duckdb connection "model.analytics_fc.mart_pattern_maker"
[0m16:53:06.306901 [debug] [Thread-1 (]: On model.analytics_fc.mart_pattern_maker: /* {"app": "dbt", "dbt_version": "1.12.5", "profile_name": "analytics_fc", "target_name": "dev", "node_id": "model.analytics_fc.mart_pattern_maker"} */

      drop table if exists "analytics_fc"."main"."mart_pattern_maker__dbt_backup" cascade
    
[0m16:53:06.309065 [debug] [Thread-1 (]: SQL status: OK in 0.002 seconds
[0m16:53:06.310927 [debug] [Thread-1 (]: On model.analytics_fc.mart_pattern_maker: Close
[0m16:53:06.311681 [debug] [Thread-1 (]: Sending event: {'category': 'dbt', 'action': 'run_model', 'label': '6d7ae639-3c6b-41ca-bbe0-5c75e8f1ead5', 'context': [<snowplow_tracker.self_describing_json.SelfDescribingJson object at 0x000002546EC4C3D0>]}
[0m16:53:06.312480 [info ] [Thread-1 (]: 4 of 5 OK created sql table model main.mart_pattern_maker ...................... [[32mOK[0m in 3.75s]
[0m16:53:06.313432 [debug] [Thread-1 (]: Finished running node model.analytics_fc.mart_pattern_maker
[0m16:53:06.314511 [debug] [Thread-1 (]: Began running node model.analytics_fc.mart_recipe_maker
[0m16:53:06.315178 [info ] [Thread-1 (]: 5 of 5 START sql table model main.mart_recipe_maker ............................ [RUN]
[0m16:53:06.315811 [debug] [Thread-1 (]: Re-using an available connection from the pool (formerly model.analytics_fc.mart_pattern_maker, now model.analytics_fc.mart_recipe_maker)
[0m16:53:06.316782 [debug] [Thread-1 (]: Began compiling node model.analytics_fc.mart_recipe_maker
[0m16:53:06.320065 [debug] [Thread-1 (]: Writing injected SQL for node "model.analytics_fc.mart_recipe_maker"
[0m16:53:06.321568 [debug] [Thread-1 (]: Began executing node model.analytics_fc.mart_recipe_maker
[0m16:53:06.329070 [debug] [Thread-1 (]: Writing runtime sql for node "model.analytics_fc.mart_recipe_maker"
[0m16:53:06.331058 [debug] [Thread-1 (]: Using duckdb connection "model.analytics_fc.mart_recipe_maker"
[0m16:53:06.331763 [debug] [Thread-1 (]: On model.analytics_fc.mart_recipe_maker: BEGIN
[0m16:53:06.332272 [debug] [Thread-1 (]: Opening a new connection, currently in state closed
[0m16:53:06.333202 [debug] [Thread-1 (]: SQL status: OK in 0.001 seconds
[0m16:53:06.333715 [debug] [Thread-1 (]: Using duckdb connection "model.analytics_fc.mart_recipe_maker"
[0m16:53:06.334288 [debug] [Thread-1 (]: On model.analytics_fc.mart_recipe_maker: /* {"app": "dbt", "dbt_version": "1.12.5", "profile_name": "analytics_fc", "target_name": "dev", "node_id": "model.analytics_fc.mart_recipe_maker"} */

    

    create  table
      "analytics_fc"."main"."mart_recipe_maker__dbt_tmp"
  
    
    as (
      ﻿-- Level 3: Recipe Maker
-- This model takes the validated Patterns from Level 2 and anchors them to the 
-- "Silverware Event" (winning a trophy). It calculates the empirical probability 
-- that a prospect will trigger the event based on the success rate of their historical matches.

WITH patterns AS (
    SELECT 
        player_a_id AS prospect_id,
        player_a_name AS prospect_name,
        player_b_id AS historical_match_id,
        player_b_name AS historical_match_name,
        scdi_overall,
        scdi_potential,
        scdi_minutes
    FROM "analytics_fc"."main"."mart_pattern_maker"
),

-- The Terminating Event: Winning a trophy
trophy_events AS (
    SELECT DISTINCT short_name
    FROM "analytics_fc"."main"."stg_tm_trophies"
),

-- Check if the historical match (Ingredient) successfully triggered the Event
historical_outcomes AS (
    SELECT 
        p.*,
        CASE WHEN t.short_name IS NOT NULL THEN 1 ELSE 0 END AS achieved_silverware_event
    FROM patterns p
    LEFT JOIN trophy_events t ON p.historical_match_name = t.short_name
)

-- Recipe Aggregation: Calculate empirical probability
SELECT 
    prospect_id,
    prospect_name,
    COUNT(historical_match_id) AS total_historical_patterns,
    SUM(achieved_silverware_event) AS patterns_leading_to_event,
    ROUND(SUM(achieved_silverware_event) * 100.0 / COUNT(historical_match_id), 2) AS empirical_probability_percentage
FROM historical_outcomes
GROUP BY prospect_id, prospect_name
-- Require at least 3 historical matches to form a valid Recipe
HAVING COUNT(historical_match_id) >= 3
ORDER BY empirical_probability_percentage DESC, total_historical_patterns DESC
    );
    
  
[0m16:53:06.408700 [debug] [Thread-1 (]: SQL status: OK in 0.074 seconds
[0m16:53:06.409868 [debug] [Thread-1 (]: Using duckdb connection "model.analytics_fc.mart_recipe_maker"
[0m16:53:06.410196 [debug] [Thread-1 (]: On model.analytics_fc.mart_recipe_maker: /* {"app": "dbt", "dbt_version": "1.12.5", "profile_name": "analytics_fc", "target_name": "dev", "node_id": "model.analytics_fc.mart_recipe_maker"} */

    SELECT index_name
    FROM duckdb_indexes()
    WHERE database_name = 'analytics_fc'
      AND schema_name = 'main'
      AND table_name = 'mart_recipe_maker'
  
[0m16:53:06.411138 [debug] [Thread-1 (]: SQL status: OK in 0.001 seconds
[0m16:53:06.412962 [debug] [Thread-1 (]: Using duckdb connection "model.analytics_fc.mart_recipe_maker"
[0m16:53:06.413231 [debug] [Thread-1 (]: On model.analytics_fc.mart_recipe_maker: /* {"app": "dbt", "dbt_version": "1.12.5", "profile_name": "analytics_fc", "target_name": "dev", "node_id": "model.analytics_fc.mart_recipe_maker"} */
alter table "analytics_fc"."main"."mart_recipe_maker" rename to "mart_recipe_maker__dbt_backup"
[0m16:53:06.413791 [debug] [Thread-1 (]: SQL status: OK in 0.000 seconds
[0m16:53:06.415452 [debug] [Thread-1 (]: Using duckdb connection "model.analytics_fc.mart_recipe_maker"
[0m16:53:06.415808 [debug] [Thread-1 (]: On model.analytics_fc.mart_recipe_maker: /* {"app": "dbt", "dbt_version": "1.12.5", "profile_name": "analytics_fc", "target_name": "dev", "node_id": "model.analytics_fc.mart_recipe_maker"} */
alter table "analytics_fc"."main"."mart_recipe_maker__dbt_tmp" rename to "mart_recipe_maker"
[0m16:53:06.416426 [debug] [Thread-1 (]: SQL status: OK in 0.000 seconds
[0m16:53:06.417693 [debug] [Thread-1 (]: On model.analytics_fc.mart_recipe_maker: COMMIT
[0m16:53:06.417955 [debug] [Thread-1 (]: Using duckdb connection "model.analytics_fc.mart_recipe_maker"
[0m16:53:06.418163 [debug] [Thread-1 (]: On model.analytics_fc.mart_recipe_maker: COMMIT
[0m16:53:06.420638 [debug] [Thread-1 (]: SQL status: OK in 0.002 seconds
[0m16:53:06.421858 [debug] [Thread-1 (]: Using duckdb connection "model.analytics_fc.mart_recipe_maker"
[0m16:53:06.422207 [debug] [Thread-1 (]: On model.analytics_fc.mart_recipe_maker: /* {"app": "dbt", "dbt_version": "1.12.5", "profile_name": "analytics_fc", "target_name": "dev", "node_id": "model.analytics_fc.mart_recipe_maker"} */

      drop table if exists "analytics_fc"."main"."mart_recipe_maker__dbt_backup" cascade
    
[0m16:53:06.424094 [debug] [Thread-1 (]: SQL status: OK in 0.001 seconds
[0m16:53:06.426007 [debug] [Thread-1 (]: On model.analytics_fc.mart_recipe_maker: Close
[0m16:53:06.426972 [debug] [Thread-1 (]: Sending event: {'category': 'dbt', 'action': 'run_model', 'label': '6d7ae639-3c6b-41ca-bbe0-5c75e8f1ead5', 'context': [<snowplow_tracker.self_describing_json.SelfDescribingJson object at 0x000002546E99B620>]}
[0m16:53:06.427431 [info ] [Thread-1 (]: 5 of 5 OK created sql table model main.mart_recipe_maker ....................... [[32mOK[0m in 0.11s]
[0m16:53:06.427882 [debug] [Thread-1 (]: Finished running node model.analytics_fc.mart_recipe_maker
[0m16:53:06.429270 [debug] [MainThread]: Using duckdb connection "master"
[0m16:53:06.429607 [debug] [MainThread]: On master: BEGIN
[0m16:53:06.429824 [debug] [MainThread]: Opening a new connection, currently in state closed
[0m16:53:06.430310 [debug] [MainThread]: SQL status: OK in 0.000 seconds
[0m16:53:06.430521 [debug] [MainThread]: On master: COMMIT
[0m16:53:06.430730 [debug] [MainThread]: Using duckdb connection "master"
[0m16:53:06.430901 [debug] [MainThread]: On master: COMMIT
[0m16:53:06.431203 [debug] [MainThread]: SQL status: OK in 0.000 seconds
[0m16:53:06.431400 [debug] [MainThread]: On master: Close
[0m16:53:06.431680 [debug] [MainThread]: Connection 'master' was properly closed.
[0m16:53:06.431870 [debug] [MainThread]: Connection 'create_analytics_fc_main' was properly closed.
[0m16:53:06.432024 [debug] [MainThread]: Connection 'list_analytics_fc_main' was properly closed.
[0m16:53:06.432170 [debug] [MainThread]: Connection 'model.analytics_fc.mart_recipe_maker' was properly closed.
[0m16:53:06.432427 [info ] [MainThread]: 
[0m16:53:06.432692 [info ] [MainThread]: Finished running 2 table models, 3 view models in 0 hours 0 minutes and 4.08 seconds (4.08s).
[0m16:53:06.433546 [debug] [MainThread]: Command end result
[0m16:53:06.456272 [debug] [MainThread]: Wrote artifact WritableManifest to C:\Users\AminE\Documents\Fifa Project\analytics-fc\dbt_project\target\manifest.json
[0m16:53:06.459335 [debug] [MainThread]: Wrote artifact SemanticManifest to C:\Users\AminE\Documents\Fifa Project\analytics-fc\dbt_project\target\semantic_manifest.json
[0m16:53:06.462009 [debug] [MainThread]: Wrote artifact OsiDocument to C:\Users\AminE\Documents\Fifa Project\analytics-fc\dbt_project\target\osi_document.json
[0m16:53:06.469107 [debug] [MainThread]: Wrote artifact RunExecutionResult to C:\Users\AminE\Documents\Fifa Project\analytics-fc\dbt_project\target\run_results.json
[0m16:53:06.469422 [info ] [MainThread]: 
[0m16:53:06.469715 [info ] [MainThread]: [32mCompleted successfully[0m
[0m16:53:06.469932 [info ] [MainThread]: 
[0m16:53:06.470158 [info ] [MainThread]: Done. PASS=5 WARN=0 ERROR=0 SKIP=0 NO-OP=0 REUSED=0 TOTAL=5
[0m16:53:06.471143 [debug] [MainThread]: Command `dbt run` succeeded at 16:53:06.470974 after 5.13 seconds
[0m16:53:06.471528 [debug] [MainThread]: Sending event: {'category': 'dbt', 'action': 'invocation', 'label': 'end', 'context': [<snowplow_tracker.self_describing_json.SelfDescribingJson object at 0x000002546C6B0770>, <snowplow_tracker.self_describing_json.SelfDescribingJson object at 0x000002546E3EC170>, <snowplow_tracker.self_describing_json.SelfDescribingJson object at 0x000002546E43C110>]}
[0m16:53:06.471951 [debug] [MainThread]: Flushing usage events
[0m16:53:07.514534 [debug] [MainThread]: An error was encountered while trying to flush usage events
